{
    "edges": {
        "0": [
            0, 
            4
        ], 
        "1": [
            1, 
            5
        ], 
        "2": [
            2, 
            6
        ], 
        "3": [
            3, 
            4
        ], 
        "4": [
            4, 
            5
        ], 
        "5": [
            5, 
            6
        ], 
        "6": [
            6, 
            7
        ], 
        "7": [
            4, 
            9
        ], 
        "8": [
            5, 
            10
        ], 
        "9": [
            6, 
            11
        ], 
        "10": [
            8, 
            9
        ], 
        "11": [
            9, 
            10
        ], 
        "12": [
            10, 
            11
        ], 
        "13": [
            11, 
            12
        ], 
        "14": [
            9, 
            14
        ], 
        "15": [
            10, 
            15
        ], 
        "16": [
            11, 
            16
        ], 
        "17": [
            13, 
            14
        ], 
        "18": [
            14, 
            15
        ], 
        "19": [
            15, 
            16
        ], 
        "20": [
            16, 
            17
        ], 
        "21": [
            14, 
            18
        ], 
        "22": [
            15, 
            19
        ], 
        "23": [
            16, 
            20
        ], 
        "24": []
    }, 
    "vertices": {
        "0": [
            -20.0, 
            40.0, 
            0.0
        ], 
        "1": [
            0.0, 
            40.0, 
            0.0
        ], 
        "2": [
            20.0, 
            40.0, 
            0.0
        ], 
        "3": [
            -40.0, 
            20.0, 
            0.0
        ], 
        "4": [
            -20.0, 
            20.0, 
            0.0
        ], 
        "5": [
            0.0, 
            20.0, 
            0.0
        ], 
        "6": [
            20.0, 
            20.0, 
            0.0
        ], 
        "7": [
            40.0, 
            20.0, 
            0.0
        ], 
        "8": [
            -40.0, 
            0.0, 
            0.0
        ], 
        "9": [
            -20.0, 
            0.0, 
            0.0
        ], 
        "10": [
            0.0, 
            0.0, 
            0.0
        ], 
        "11": [
            20.0, 
            0.0, 
            0.0
        ], 
        "12": [
            40.0, 
            0.0, 
            0.0
        ], 
        "13": [
            -40.0, 
            -20.0, 
            0.0
        ], 
        "14": [
            -20.0, 
            -20.0, 
            0.0
        ], 
        "15": [
            0.0, 
            -20.0, 
            0.0
        ], 
        "16": [
            20.0, 
            -20.0, 
            0.0
        ], 
        "17": [
            40.0, 
            -20.0, 
            0.0
        ], 
        "18": [
            -20.0, 
            -40.0, 
            0.0
        ], 
        "19": [
            0.0, 
            -40.0, 
            0.0
        ], 
        "20": [
            20.0, 
            -40.0, 
            0.0
        ]
    }
}