{
    "edges": {
        "0": [
            0, 
            1
        ], 
        "1": [
            1, 
            2
        ], 
        "2": [
            2, 
            3
        ], 
        "3": [
            3, 
            4
        ], 
        "4": [
            0, 
            5
        ], 
        "5": [
            1, 
            6
        ], 
        "6": [
            2, 
            7
        ], 
        "7": [
            3, 
            8
        ], 
        "8": [
            4, 
            9
        ], 
        "9": [
            5, 
            6
        ], 
        "10": [
            6, 
            7
        ], 
        "11": [
            7, 
            8
        ], 
        "12": [
            8, 
            9
        ], 
        "13": [
            5, 
            10
        ], 
        "14": [
            6, 
            11
        ], 
        "15": [
            7, 
            12
        ], 
        "16": [
            8, 
            13
        ], 
        "17": [
            9, 
            14
        ], 
        "18": [
            10, 
            11
        ], 
        "19": [
            11, 
            12
        ], 
        "20": [
            12, 
            13
        ], 
        "21": [
            13, 
            14
        ]
    }, 
    "vertices": {
        "0": [
            -20.0, 
            10.0, 
            0.0
        ], 
        "1": [
            -10.0, 
            10.0, 
            0.0
        ], 
        "2": [
            0.0, 
            10.0, 
            0.0
        ], 
        "3": [
            10.0, 
            10.0, 
            0.0
        ], 
        "4": [
            20.0, 
            10.0, 
            0.0
        ], 
        "5": [
            -20.0, 
            0.0, 
            0.0
        ], 
        "6": [
            -10.0, 
            0.0, 
            0.0
        ], 
        "7": [
            0.0, 
            0.0, 
            0.0
        ], 
        "8": [
            10.0, 
            0.0, 
            0.0
        ], 
        "9": [
            20.0, 
            0.0, 
            0.0
        ], 
        "10": [
            -20.0, 
            -10.0, 
            0.0
        ], 
        "11": [
            -10.0, 
            -10.0, 
            0.0
        ], 
        "12": [
            0.0, 
            -10.0, 
            0.0
        ], 
        "13": [
            10.0, 
            -10.0, 
            0.0
        ], 
        "14": [
            20.0, 
            -10.0, 
            0.0
        ]
    }
}