{
    "edges": {
        "0": [
            0, 
            1
        ], 
        "1": [
            2, 
            3
        ], 
        "2": [
            3, 
            4
        ], 
        "3": [
            4, 
            5
        ], 
        "4": [
            5, 
            6
        ], 
        "5": [
            6, 
            7
        ], 
        "6": [
            7, 
            8
        ], 
        "7": [
            8, 
            9
        ], 
        "8": [
            9, 
            10
        ], 
        "9": [
            10, 
            11
        ], 
        "10": [
            2, 
            12
        ], 
        "11": [
            11, 
            12
        ], 
        "12": [
            6, 
            13
        ], 
        "13": [
            8, 
            14
        ], 
        "14": [
            4, 
            15
        ], 
        "15": [
            5, 
            16
        ], 
        "16": [
            3, 
            17
        ], 
        "17": [
            7, 
            18
        ], 
        "18": [
            9, 
            19
        ], 
        "19": [
            14, 
            19
        ], 
        "20": [
            11, 
            19
        ], 
        "21": [
            14, 
            18
        ], 
        "22": [
            13, 
            18
        ], 
        "23": [
            13, 
            16
        ], 
        "24": [
            15, 
            16
        ], 
        "25": [
            15, 
            17
        ], 
        "26": [
            12, 
            17
        ], 
        "27": [
            13, 
            20
        ], 
        "28": [
            13, 
            21
        ], 
        "29": [
            13, 
            22
        ], 
        "30": [
            16, 
            23
        ], 
        "31": [
            1, 
            17
        ], 
        "32": [
            18, 
            24
        ], 
        "33": [
            19, 
            25
        ], 
        "34": [
            14, 
            26
        ], 
        "35": [
            24, 
            26
        ], 
        "36": [
            11, 
            26
        ], 
        "37": [
            25, 
            26
        ], 
        "38": [
            13, 
            26
        ], 
        "39": [
            0, 
            15
        ], 
        "40": [
            0, 
            22
        ], 
        "41": [
            1, 
            15
        ], 
        "42": [
            1, 
            12
        ], 
        "43": [
            0, 
            13
        ], 
        "44": [
            0, 
            12
        ], 
        "45": [
            0, 
            23
        ], 
        "46": [
            20, 
            21
        ], 
        "47": [
            12, 
            20
        ], 
        "48": [
            20, 
            22
        ], 
        "49": [
            11, 
            20
        ], 
        "50": [
            15, 
            23
        ], 
        "51": [
            13, 
            23
        ], 
        "52": [
            14, 
            25
        ], 
        "53": [
            11, 
            25
        ], 
        "54": [
            14, 
            24
        ], 
        "55": [
            13, 
            24
        ], 
        "56": [
            12, 
            22
        ], 
        "57": [
            11, 
            21
        ], 
        "58": [
            21, 
            26
        ]
    }, 
    "vertices": {
        "0": [
            106.799, 
            4.368, 
            0.0
        ], 
        "1": [
            97.301, 
            5.226, 
            0.0
        ], 
        "2": [
            85.798, 
            15.639, 
            0.0
        ], 
        "3": [
            94.724, 
            15.639, 
            0.0
        ], 
        "4": [
            103.65, 
            15.639, 
            0.0
        ], 
        "5": [
            112.576, 
            15.639, 
            0.0
        ], 
        "6": [
            121.502, 
            15.639, 
            0.0
        ], 
        "7": [
            130.429, 
            15.639, 
            0.0
        ], 
        "8": [
            139.355, 
            15.639, 
            0.0
        ], 
        "9": [
            148.281, 
            15.639, 
            0.0
        ], 
        "10": [
            157.207, 
            15.639, 
            0.0
        ], 
        "11": [
            157.207, 
            -23.333, 
            0.0
        ], 
        "12": [
            85.798, 
            -0.88900000000000001, 
            0.0
        ], 
        "13": [
            121.502, 
            3.027, 
            0.0
        ], 
        "14": [
            139.355, 
            1.671, 
            0.0
        ], 
        "15": [
            103.65, 
            8.6, 
            0.0
        ], 
        "16": [
            112.576, 
            11.358, 
            0.0
        ], 
        "17": [
            94.724, 
            10.683, 
            0.0
        ], 
        "18": [
            130.429, 
            8.083, 
            0.0
        ], 
        "19": [
            148.281, 
            -1.801, 
            0.0
        ], 
        "20": [
            121.502, 
            -4.907, 
            0.0
        ], 
        "21": [
            134.168, 
            -6.332, 
            0.0
        ], 
        "22": [
            108.837, 
            1.629, 
            0.0
        ], 
        "23": [
            112.576, 
            5.814, 
            0.0
        ], 
        "24": [
            130.429, 
            2.349, 
            0.0
        ], 
        "25": [
            148.281, 
            -10.831, 
            0.0
        ], 
        "26": [
            139.355, 
            -6.211, 
            0.0
        ]
    }
}