{
    "edges": {
        "0": [
            0, 
            1
        ], 
        "1": [
            0, 
            2
        ], 
        "2": [
            1, 
            2
        ], 
        "3": [
            0, 
            3
        ], 
        "4": [
            1, 
            3
        ], 
        "5": [
            0, 
            4
        ], 
        "6": [
            4, 
            5
        ], 
        "7": [
            4, 
            6
        ], 
        "8": [
            5, 
            6
        ], 
        "9": [
            6, 
            7
        ], 
        "10": [
            1, 
            7
        ], 
        "11": [
            4, 
            8
        ], 
        "12": [
            5, 
            8
        ], 
        "13": [
            2, 
            4
        ], 
        "14": [
            2, 
            9
        ], 
        "15": [
            7, 
            9
        ], 
        "16": [
            6, 
            9
        ], 
        "17": [
            6, 
            10
        ], 
        "18": [
            5, 
            10
        ], 
        "19": [
            4, 
            10
        ], 
        "20": [
            11, 
            12
        ], 
        "21": [
            11, 
            13
        ], 
        "22": [
            0, 
            11
        ], 
        "23": [
            1, 
            12
        ], 
        "24": [
            12, 
            13
        ], 
        "25": [
            3, 
            11
        ], 
        "26": [
            3, 
            12
        ], 
        "27": [
            5, 
            13
        ], 
        "28": [
            8, 
            13
        ]
    }, 
    "vertices": {
        "0": [
            142.395, 
            58.948, 
            0.0
        ], 
        "1": [
            168.302, 
            32.29, 
            0.0
        ], 
        "2": [
            132.195, 
            40.093, 
            0.0
        ], 
        "3": [
            155.778, 
            62.466, 
            0.0
        ], 
        "4": [
            94.711, 
            55.381, 
            0.0
        ], 
        "5": [
            71.432, 
            73.027, 
            0.0
        ], 
        "6": [
            63.172, 
            34.355, 
            0.0
        ], 
        "7": [
            79.317, 
            -1.69, 
            0.0
        ], 
        "8": [
            88.571, 
            75.795, 
            0.0
        ], 
        "9": [
            90.879, 
            26.31, 
            0.0
        ], 
        "10": [
            76.367, 
            54.125, 
            0.0
        ], 
        "11": [
            136.865, 
            89.736, 
            0.0
        ], 
        "12": [
            158.267, 
            95.743, 
            0.0
        ], 
        "13": [
            131.233, 
            109.635, 
            0.0
        ]
    }
}