{
    "edges": {
        "0": [
            0, 
            1
        ], 
        "1": [
            0, 
            2
        ], 
        "2": [
            0, 
            3
        ], 
        "3": [
            3, 
            4
        ], 
        "4": [
            3, 
            5
        ], 
        "5": [
            5, 
            6
        ], 
        "6": [
            5, 
            7
        ], 
        "7": [
            6, 
            7
        ], 
        "8": [
            7, 
            8
        ], 
        "9": [
            4, 
            8
        ], 
        "10": [
            1, 
            4
        ], 
        "11": [
            1, 
            2
        ], 
        "12": [
            2, 
            6
        ], 
        "13": [
            5, 
            9
        ], 
        "14": [
            2, 
            9
        ], 
        "15": [
            3, 
            10
        ], 
        "16": [
            9, 
            10
        ], 
        "17": [
            0, 
            10
        ], 
        "18": [
            6, 
            9
        ], 
        "19": [
            5, 
            11
        ], 
        "20": [
            3, 
            11
        ], 
        "21": [
            4, 
            11
        ], 
        "22": [
            11, 
            12
        ], 
        "23": [
            8, 
            12
        ], 
        "24": [
            7, 
            12
        ], 
        "25": [
            7, 
            13
        ], 
        "26": [
            6, 
            13
        ], 
        "27": [
            5, 
            13
        ], 
        "28": [
            3, 
            14
        ], 
        "29": [
            0, 
            14
        ], 
        "30": [
            1, 
            14
        ], 
        "31": [
            4, 
            14
        ], 
        "32": [
            0, 
            15
        ], 
        "33": [
            2, 
            15
        ], 
        "34": [
            1, 
            15
        ]
    }, 
    "vertices": {
        "0": [
            151.03, 
            89.736, 
            0.0
        ], 
        "1": [
            172.432, 
            95.743, 
            0.0
        ], 
        "2": [
            145.398, 
            109.635, 
            0.0
        ], 
        "3": [
            142.395, 
            58.948, 
            0.0
        ], 
        "4": [
            168.302, 
            32.29, 
            0.0
        ], 
        "5": [
            122.12, 
            57.07, 
            0.0
        ], 
        "6": [
            98.841, 
            74.717, 
            0.0
        ], 
        "7": [
            90.581, 
            36.044, 
            0.0
        ], 
        "8": [
            106.726, 
            0.0, 
            0.0
        ], 
        "9": [
            115.98, 
            77.485, 
            0.0
        ], 
        "10": [
            129.172, 
            77.583, 
            0.0
        ], 
        "11": [
            132.195, 
            40.093, 
            0.0
        ], 
        "12": [
            118.288, 
            28.0, 
            0.0
        ], 
        "13": [
            103.776, 
            55.815, 
            0.0
        ], 
        "14": [
            155.778, 
            62.466, 
            0.0
        ], 
        "15": [
            154.266, 
            97.84, 
            0.0
        ]
    }
}