{
    "edges": {
        "0": [
            0, 
            1
        ], 
        "1": [
            1, 
            2
        ], 
        "2": [
            2, 
            3
        ], 
        "3": [
            3, 
            4
        ], 
        "4": [
            4, 
            5
        ], 
        "5": [
            0, 
            5
        ], 
        "6": [
            5, 
            6
        ], 
        "7": [
            0, 
            6
        ], 
        "8": [
            6, 
            7
        ], 
        "9": [
            3, 
            7
        ], 
        "10": [
            7, 
            8
        ], 
        "11": [
            1, 
            8
        ], 
        "12": [
            2, 
            8
        ]
    }, 
    "vertices": {
        "0": [
            -7.885, 
            74.717, 
            0.0
        ], 
        "1": [
            38.673, 
            109.635, 
            0.0
        ], 
        "2": [
            65.706, 
            95.743, 
            0.0
        ], 
        "3": [
            61.576, 
            32.29, 
            0.0
        ], 
        "4": [
            0.0, 
            0.0, 
            0.0
        ], 
        "5": [
            -16.145, 
            36.044, 
            0.0
        ], 
        "6": [
            15.394, 
            57.07, 
            0.0
        ], 
        "7": [
            35.669, 
            58.948, 
            0.0
        ], 
        "8": [
            44.305, 
            89.736, 
            0.0
        ]
    }
}