{
    "edges": {
        "0": [
            0, 
            1
        ], 
        "1": [
            2, 
            3
        ], 
        "2": [
            3, 
            4
        ], 
        "3": [
            4, 
            5
        ], 
        "4": [
            6, 
            7
        ], 
        "5": [
            5, 
            8
        ], 
        "6": [
            9, 
            10
        ], 
        "7": [
            3, 
            11
        ], 
        "8": [
            4, 
            12
        ], 
        "9": [
            2, 
            13
        ], 
        "10": [
            14, 
            15
        ], 
        "11": [
            6, 
            16
        ], 
        "12": [
            10, 
            16
        ], 
        "13": [
            16, 
            17
        ], 
        "14": [
            10, 
            15
        ], 
        "15": [
            8, 
            15
        ], 
        "16": [
            8, 
            12
        ], 
        "17": [
            11, 
            12
        ], 
        "18": [
            11, 
            13
        ], 
        "19": [
            8, 
            18
        ], 
        "20": [
            8, 
            19
        ], 
        "21": [
            8, 
            20
        ], 
        "22": [
            12, 
            21
        ], 
        "23": [
            1, 
            13
        ], 
        "24": [
            15, 
            22
        ], 
        "25": [
            16, 
            23
        ], 
        "26": [
            10, 
            24
        ], 
        "27": [
            22, 
            24
        ], 
        "28": [
            17, 
            24
        ], 
        "29": [
            23, 
            24
        ], 
        "30": [
            8, 
            24
        ], 
        "31": [
            0, 
            11
        ], 
        "32": [
            0, 
            20
        ], 
        "33": [
            1, 
            11
        ], 
        "34": [
            0, 
            8
        ], 
        "35": [
            0, 
            21
        ], 
        "36": [
            18, 
            19
        ], 
        "37": [
            18, 
            20
        ], 
        "38": [
            17, 
            18
        ], 
        "39": [
            11, 
            21
        ], 
        "40": [
            8, 
            21
        ], 
        "41": [
            10, 
            23
        ], 
        "42": [
            17, 
            23
        ], 
        "43": [
            10, 
            22
        ], 
        "44": [
            8, 
            22
        ], 
        "45": [
            17, 
            19
        ], 
        "46": [
            19, 
            24
        ], 
        "47": [
            23, 
            25
        ], 
        "48": [
            16, 
            25
        ], 
        "49": [
            10, 
            25
        ], 
        "50": [
            16, 
            26
        ], 
        "51": [
            23, 
            26
        ], 
        "52": [
            17, 
            26
        ], 
        "53": [
            23, 
            27
        ], 
        "54": [
            17, 
            27
        ], 
        "55": [
            24, 
            27
        ], 
        "56": [
            24, 
            28
        ], 
        "57": [
            19, 
            28
        ], 
        "58": [
            17, 
            28
        ], 
        "59": [
            19, 
            29
        ], 
        "60": [
            17, 
            29
        ], 
        "61": [
            18, 
            29
        ], 
        "62": [
            18, 
            30
        ], 
        "63": [
            8, 
            30
        ], 
        "64": [
            19, 
            30
        ], 
        "65": [
            19, 
            31
        ], 
        "66": [
            24, 
            31
        ], 
        "67": [
            8, 
            31
        ], 
        "68": [
            8, 
            32
        ], 
        "69": [
            22, 
            32
        ], 
        "70": [
            24, 
            32
        ], 
        "71": [
            24, 
            33
        ], 
        "72": [
            22, 
            33
        ], 
        "73": [
            10, 
            33
        ], 
        "74": [
            10, 
            34
        ], 
        "75": [
            24, 
            34
        ], 
        "76": [
            23, 
            34
        ], 
        "77": [
            22, 
            35
        ], 
        "78": [
            15, 
            35
        ], 
        "79": [
            10, 
            35
        ], 
        "80": [
            22, 
            36
        ], 
        "81": [
            15, 
            36
        ], 
        "82": [
            8, 
            36
        ], 
        "83": [
            8, 
            37
        ], 
        "84": [
            18, 
            37
        ], 
        "85": [
            20, 
            37
        ], 
        "86": [
            20, 
            38
        ], 
        "87": [
            18, 
            38
        ], 
        "88": [
            1, 
            39
        ], 
        "89": [
            11, 
            39
        ], 
        "90": [
            0, 
            39
        ], 
        "91": [
            0, 
            40
        ], 
        "92": [
            11, 
            40
        ], 
        "93": [
            21, 
            40
        ], 
        "94": [
            21, 
            41
        ], 
        "95": [
            0, 
            41
        ], 
        "96": [
            8, 
            41
        ], 
        "97": [
            21, 
            42
        ], 
        "98": [
            12, 
            42
        ], 
        "99": [
            8, 
            42
        ], 
        "100": [
            0, 
            43
        ], 
        "101": [
            20, 
            43
        ], 
        "102": [
            8, 
            43
        ], 
        "103": [
            21, 
            44
        ], 
        "104": [
            12, 
            44
        ], 
        "105": [
            11, 
            44
        ], 
        "106": [
            13, 
            45
        ], 
        "107": [
            1, 
            45
        ], 
        "108": [
            11, 
            45
        ], 
        "109": [
            13, 
            46
        ], 
        "110": [
            1, 
            46
        ], 
        "111": [
            17, 
            47
        ], 
        "112": [
            48, 
            49
        ], 
        "113": [
            48, 
            50
        ], 
        "114": [
            48, 
            51
        ], 
        "115": [
            52, 
            53
        ], 
        "116": [
            50, 
            52
        ], 
        "117": [
            51, 
            52
        ], 
        "118": [
            53, 
            54
        ], 
        "119": [
            54, 
            55
        ], 
        "120": [
            54, 
            56
        ], 
        "121": [
            57, 
            58
        ], 
        "122": [
            57, 
            59
        ], 
        "123": [
            57, 
            60
        ], 
        "124": [
            58, 
            61
        ], 
        "125": [
            55, 
            61
        ], 
        "126": [
            56, 
            61
        ], 
        "127": [
            58, 
            62
        ], 
        "128": [
            60, 
            62
        ], 
        "129": [
            56, 
            62
        ], 
        "130": [
            56, 
            63
        ], 
        "131": [
            53, 
            63
        ], 
        "132": [
            60, 
            63
        ], 
        "133": [
            60, 
            64
        ], 
        "134": [
            53, 
            64
        ], 
        "135": [
            50, 
            64
        ], 
        "136": [
            60, 
            65
        ], 
        "137": [
            49, 
            65
        ], 
        "138": [
            50, 
            65
        ], 
        "139": [
            49, 
            66
        ], 
        "140": [
            59, 
            66
        ], 
        "141": [
            60, 
            66
        ], 
        "142": [
            49, 
            67
        ], 
        "143": [
            67, 
            68
        ], 
        "144": [
            59, 
            67
        ], 
        "145": [
            59, 
            69
        ], 
        "146": [
            68, 
            69
        ], 
        "147": [
            58, 
            69
        ], 
        "148": [
            58, 
            70
        ], 
        "149": [
            70, 
            71
        ], 
        "150": [
            70, 
            72
        ], 
        "151": [
            73, 
            74
        ], 
        "152": [
            71, 
            73
        ], 
        "153": [
            72, 
            73
        ], 
        "154": [
            75, 
            76
        ], 
        "155": [
            75, 
            77
        ], 
        "156": [
            74, 
            75
        ], 
        "157": [
            74, 
            78
        ], 
        "158": [
            72, 
            78
        ], 
        "159": [
            77, 
            78
        ], 
        "160": [
            77, 
            79
        ], 
        "161": [
            72, 
            79
        ], 
        "162": [
            58, 
            79
        ], 
        "163": [
            58, 
            80
        ], 
        "164": [
            77, 
            80
        ], 
        "165": [
            80, 
            81
        ], 
        "166": [
            81, 
            82
        ], 
        "167": [
            58, 
            82
        ], 
        "168": [
            68, 
            82
        ], 
        "169": [
            68, 
            83
        ], 
        "170": [
            17, 
            83
        ], 
        "171": [
            81, 
            83
        ], 
        "172": [
            17, 
            84
        ], 
        "173": [
            81, 
            84
        ], 
        "174": [
            77, 
            84
        ], 
        "175": [
            77, 
            85
        ], 
        "176": [
            17, 
            85
        ], 
        "177": [
            76, 
            85
        ], 
        "178": [
            17, 
            86
        ], 
        "179": [
            76, 
            86
        ], 
        "180": [
            47, 
            86
        ], 
        "181": [
            74, 
            87
        ], 
        "182": [
            47, 
            87
        ], 
        "183": [
            76, 
            87
        ], 
        "184": [
            77, 
            81
        ], 
        "185": [
            17, 
            81
        ], 
        "186": [
            49, 
            59
        ], 
        "187": [
            74, 
            76
        ], 
        "188": [
            58, 
            72
        ], 
        "189": [
            72, 
            74
        ], 
        "190": [
            17, 
            76
        ], 
        "191": [
            56, 
            58
        ], 
        "192": [
            53, 
            56
        ], 
        "193": [
            17, 
            68
        ], 
        "194": [
            59, 
            68
        ], 
        "195": [
            49, 
            68
        ], 
        "196": [
            68, 
            81
        ], 
        "197": [
            56, 
            60
        ], 
        "198": [
            49, 
            60
        ], 
        "199": [
            58, 
            60
        ], 
        "200": [
            49, 
            50
        ], 
        "201": [
            50, 
            53
        ], 
        "202": [
            59, 
            60
        ], 
        "203": [
            53, 
            60
        ], 
        "204": [
            58, 
            77
        ], 
        "205": [
            76, 
            77
        ], 
        "206": [
            17, 
            77
        ], 
        "207": [
            72, 
            77
        ], 
        "208": [
            74, 
            77
        ], 
        "209": [
            47, 
            76
        ], 
        "210": [
            71, 
            72
        ], 
        "211": [
            50, 
            51
        ], 
        "212": [
            55, 
            56
        ], 
        "213": [
            58, 
            59
        ], 
        "214": [
            58, 
            81
        ], 
        "215": [
            58, 
            68
        ], 
        "216": [
            49, 
            51
        ], 
        "217": [
            51, 
            53
        ], 
        "218": [
            53, 
            55
        ], 
        "219": [
            55, 
            58
        ], 
        "220": [
            58, 
            71
        ], 
        "221": [
            71, 
            74
        ], 
        "222": [
            47, 
            74
        ], 
        "223": [
            47, 
            88
        ], 
        "224": [
            71, 
            89
        ], 
        "225": [
            51, 
            90
        ], 
        "226": [
            55, 
            91
        ], 
        "227": [
            53, 
            92
        ], 
        "228": [
            74, 
            93
        ], 
        "229": [
            58, 
            94
        ], 
        "230": [
            17, 
            49
        ], 
        "231": [
            49, 
            95
        ], 
        "232": [
            89, 
            93
        ], 
        "233": [
            89, 
            94
        ], 
        "234": [
            91, 
            92
        ], 
        "235": [
            50, 
            60
        ], 
        "236": [
            90, 
            95
        ], 
        "237": [
            90, 
            92
        ], 
        "238": [
            91, 
            94
        ], 
        "239": [
            88, 
            93
        ], 
        "240": [
            7, 
            88
        ], 
        "241": [
            6, 
            9
        ], 
        "242": [
            9, 
            14
        ], 
        "243": [
            5, 
            14
        ], 
        "244": [
            2, 
            96
        ], 
        "245": [
            96, 
            97
        ], 
        "246": [
            17, 
            97
        ], 
        "247": [
            13, 
            97
        ], 
        "248": [
            1, 
            97
        ], 
        "249": [
            0, 
            97
        ], 
        "250": [
            18, 
            97
        ], 
        "251": [
            20, 
            97
        ], 
        "252": [
            38, 
            97
        ], 
        "253": [
            46, 
            97
        ], 
        "254": [
            0, 
            98
        ], 
        "255": [
            20, 
            98
        ], 
        "256": [
            97, 
            98
        ], 
        "257": [
            1, 
            99
        ], 
        "258": [
            0, 
            99
        ], 
        "259": [
            97, 
            99
        ], 
        "260": [
            47, 
            100
        ], 
        "261": [
            16, 
            100
        ], 
        "262": [
            7, 
            100
        ]
    }, 
    "vertices": {
        "0": [
            106.799, 
            4.368, 
            0.0
        ], 
        "1": [
            97.301, 
            5.226, 
            0.0
        ], 
        "2": [
            94.724, 
            15.639, 
            0.0
        ], 
        "3": [
            103.65, 
            15.639, 
            0.0
        ], 
        "4": [
            112.576, 
            15.639, 
            0.0
        ], 
        "5": [
            121.502, 
            15.639, 
            0.0
        ], 
        "6": [
            148.281, 
            15.639, 
            0.0
        ], 
        "7": [
            157.207, 
            15.639, 
            0.0
        ], 
        "8": [
            121.502, 
            3.027, 
            0.0
        ], 
        "9": [
            139.355, 
            15.639, 
            0.0
        ], 
        "10": [
            139.355, 
            1.671, 
            0.0
        ], 
        "11": [
            103.65, 
            8.6, 
            0.0
        ], 
        "12": [
            112.576, 
            11.358, 
            0.0
        ], 
        "13": [
            94.724, 
            10.683, 
            0.0
        ], 
        "14": [
            130.429, 
            15.639, 
            0.0
        ], 
        "15": [
            130.429, 
            8.083, 
            0.0
        ], 
        "16": [
            148.281, 
            -1.801, 
            0.0
        ], 
        "17": [
            157.207, 
            -23.333, 
            0.0
        ], 
        "18": [
            121.502, 
            -4.907, 
            0.0
        ], 
        "19": [
            134.168, 
            -6.332, 
            0.0
        ], 
        "20": [
            108.837, 
            1.629, 
            0.0
        ], 
        "21": [
            112.576, 
            5.814, 
            0.0
        ], 
        "22": [
            130.429, 
            2.349, 
            0.0
        ], 
        "23": [
            148.281, 
            -10.831, 
            0.0
        ], 
        "24": [
            139.355, 
            -6.211, 
            0.0
        ], 
        "25": [
            146.156, 
            -4.16, 
            0.0
        ], 
        "26": [
            150.006, 
            -10.577, 
            0.0
        ], 
        "27": [
            147.735, 
            -12.699, 
            0.0
        ], 
        "28": [
            141.319, 
            -10.132, 
            0.0
        ], 
        "29": [
            134.063, 
            -9.491, 
            0.0
        ], 
        "30": [
            124.537, 
            -2.63, 
            0.0
        ], 
        "31": [
            134.803, 
            -5.098, 
            0.0
        ], 
        "32": [
            129.67, 
            0.52900000000000003, 
            0.0
        ], 
        "33": [
            136.926, 
            -0.70499999999999996, 
            0.0
        ], 
        "34": [
            142.256, 
            -5.345, 
            0.0
        ], 
        "35": [
            132.286, 
            4.478, 
            0.0
        ], 
        "36": [
            127.696, 
            4.428, 
            0.0
        ], 
        "37": [
            118.268, 
            -0.014, 
            0.0
        ], 
        "38": [
            107.848, 
            -1.264, 
            0.0
        ], 
        "39": [
            102.567, 
            6.238, 
            0.0
        ], 
        "40": [
            107.476, 
            6.038, 
            0.0
        ], 
        "41": [
            112.906, 
            4.607, 
            0.0
        ], 
        "42": [
            114.732, 
            7.223, 
            0.0
        ], 
        "43": [
            110.043, 
            2.781, 
            0.0
        ], 
        "44": [
            110.684, 
            8.555, 
            0.0
        ], 
        "45": [
            98.52, 
            8.065, 
            0.0
        ], 
        "46": [
            94.225, 
            6.436, 
            0.0
        ], 
        "47": [
            166.133, 
            -1.801, 
            0.0
        ], 
        "48": [
            220.189, 
            6.436, 
            0.0
        ], 
        "49": [
            228.616, 
            -0.88900000000000001, 
            0.0
        ], 
        "50": [
            217.113, 
            5.226, 
            0.0
        ], 
        "51": [
            219.69, 
            10.683, 
            0.0
        ], 
        "52": [
            215.895, 
            8.065, 
            0.0
        ], 
        "53": [
            210.764, 
            8.6, 
            0.0
        ], 
        "54": [
            203.73, 
            8.555, 
            0.0
        ], 
        "55": [
            201.838, 
            11.358, 
            0.0
        ], 
        "56": [
            201.838, 
            5.814, 
            0.0
        ], 
        "57": [
            204.372, 
            2.781, 
            0.0
        ], 
        "58": [
            192.912, 
            3.027, 
            0.0
        ], 
        "59": [
            205.578, 
            1.629, 
            0.0
        ], 
        "60": [
            207.615, 
            4.368, 
            0.0
        ], 
        "61": [
            199.683, 
            7.223, 
            0.0
        ], 
        "62": [
            201.509, 
            4.607, 
            0.0
        ], 
        "63": [
            206.938, 
            6.038, 
            0.0
        ], 
        "64": [
            211.847, 
            6.238, 
            0.0
        ], 
        "65": [
            216.092, 
            3.474, 
            0.0
        ], 
        "66": [
            210.12, 
            2.043, 
            0.0
        ], 
        "67": [
            206.566, 
            -1.264, 
            0.0
        ], 
        "68": [
            192.912, 
            -4.907, 
            0.0
        ], 
        "69": [
            196.146, 
            -0.014, 
            0.0
        ], 
        "70": [
            186.719, 
            4.428, 
            0.0
        ], 
        "71": [
            183.986, 
            8.083, 
            0.0
        ], 
        "72": [
            183.986, 
            2.349, 
            0.0
        ], 
        "73": [
            182.128, 
            4.478, 
            0.0
        ], 
        "74": [
            175.059, 
            1.671, 
            0.0
        ], 
        "75": [
            172.158, 
            -5.345, 
            0.0
        ], 
        "76": [
            166.133, 
            -10.831, 
            0.0
        ], 
        "77": [
            175.059, 
            -6.211, 
            0.0
        ], 
        "78": [
            177.489, 
            -0.70499999999999996, 
            0.0
        ], 
        "79": [
            184.744, 
            0.52900000000000003, 
            0.0
        ], 
        "80": [
            179.611, 
            -5.098, 
            0.0
        ], 
        "81": [
            180.246, 
            -6.332, 
            0.0
        ], 
        "82": [
            189.878, 
            -2.63, 
            0.0
        ], 
        "83": [
            180.351, 
            -9.491, 
            0.0
        ], 
        "84": [
            173.096, 
            -10.132, 
            0.0
        ], 
        "85": [
            166.679, 
            -12.699, 
            0.0
        ], 
        "86": [
            164.409, 
            -10.577, 
            0.0
        ], 
        "87": [
            168.259, 
            -4.16, 
            0.0
        ], 
        "88": [
            166.133, 
            15.639, 
            0.0
        ], 
        "89": [
            183.986, 
            15.639, 
            0.0
        ], 
        "90": [
            219.69, 
            15.639, 
            0.0
        ], 
        "91": [
            201.838, 
            15.639, 
            0.0
        ], 
        "92": [
            210.764, 
            15.639, 
            0.0
        ], 
        "93": [
            175.059, 
            15.639, 
            0.0
        ], 
        "94": [
            192.912, 
            15.639, 
            0.0
        ], 
        "95": [
            228.616, 
            15.639, 
            0.0
        ], 
        "96": [
            85.798, 
            15.639, 
            0.0
        ], 
        "97": [
            85.798, 
            -12.642, 
            0.0
        ], 
        "98": [
            104.713, 
            1.318, 
            0.0
        ], 
        "99": [
            98.568, 
            2.05, 
            0.0
        ], 
        "100": [
            157.195, 
            1.761, 
            0.0
        ]
    }
}