{
    "edges": {
        "0": [
            0, 
            1
        ], 
        "1": [
            0, 
            2
        ], 
        "2": [
            1, 
            3
        ], 
        "3": [
            1, 
            4
        ], 
        "4": [
            4, 
            5
        ], 
        "5": [
            5, 
            6
        ], 
        "6": [
            6, 
            7
        ], 
        "7": [
            5, 
            7
        ], 
        "8": [
            5, 
            8
        ], 
        "9": [
            7, 
            8
        ], 
        "10": [
            7, 
            9
        ], 
        "11": [
            8, 
            9
        ], 
        "12": [
            2, 
            8
        ], 
        "13": [
            2, 
            5
        ], 
        "14": [
            0, 
            5
        ], 
        "15": [
            0, 
            4
        ], 
        "16": [
            3, 
            4
        ], 
        "17": [
            4, 
            6
        ], 
        "18": [
            3, 
            6
        ]
    }, 
    "vertices": {
        "0": [
            -12.065, 
            138.711, 
            0.0
        ], 
        "1": [
            -66.788, 
            80.34, 
            0.0
        ], 
        "2": [
            267.021, 
            272.782, 
            0.0
        ], 
        "3": [
            -37.603, 
            -90.213, 
            0.0
        ], 
        "4": [
            28.977, 
            27.441, 
            0.0
        ], 
        "5": [
            232.364, 
            117.734, 
            0.0
        ], 
        "6": [
            188.585, 
            -79.269, 
            0.0
        ], 
        "7": [
            505.978, 
            -79.269, 
            0.0
        ], 
        "8": [
            492.297, 
            170.633, 
            0.0
        ], 
        "9": [
            702.981, 
            -34.578, 
            0.0
        ]
    }
}