{
    "edges": {
        "0": [
            0, 
            1
        ], 
        "1": [
            2, 
            3
        ], 
        "2": [
            1, 
            3
        ], 
        "3": [
            4, 
            5
        ], 
        "4": [
            0, 
            5
        ], 
        "5": [
            0, 
            4
        ], 
        "6": [
            0, 
            2
        ], 
        "7": [
            2, 
            6
        ], 
        "8": [
            2, 
            4
        ], 
        "9": [
            4, 
            6
        ], 
        "10": [
            5, 
            7
        ], 
        "11": [
            5, 
            8
        ], 
        "12": [
            6, 
            9
        ], 
        "13": [
            6, 
            10
        ], 
        "14": [
            3, 
            10
        ], 
        "15": [
            9, 
            10
        ], 
        "16": [
            8, 
            9
        ], 
        "17": [
            7, 
            8
        ], 
        "18": [
            1, 
            7
        ], 
        "19": [
            5, 
            6
        ]
    }, 
    "vertices": {
        "0": [
            181.771, 
            81.681, 
            0.0
        ], 
        "1": [
            181.771, 
            151.694, 
            0.0
        ], 
        "2": [
            -69.555, 
            78.689, 
            0.0
        ], 
        "3": [
            -69.555, 
            157.079, 
            0.0
        ], 
        "4": [
            48.329, 
            0.89800000000000002, 
            0.0
        ], 
        "5": [
            265.546, 
            -35.604, 
            0.0
        ], 
        "6": [
            -132.387, 
            -39.194, 
            0.0
        ], 
        "7": [
            343.634, 
            -35.604, 
            0.0
        ], 
        "8": [
            265.546, 
            -106.63, 
            0.0
        ], 
        "9": [
            -132.387, 
            -117.575, 
            0.0
        ], 
        "10": [
            -215.452, 
            -39.194, 
            0.0
        ]
    }
}