{
    "edges": {
        "0": [
            0, 
            1
        ], 
        "1": [
            2, 
            3
        ], 
        "2": [
            4, 
            5
        ], 
        "3": [
            6, 
            7
        ], 
        "4": [
            8, 
            9
        ], 
        "5": [
            10, 
            11
        ], 
        "6": [
            12, 
            13
        ], 
        "7": [
            14, 
            15
        ], 
        "8": [
            16, 
            17
        ], 
        "9": [
            18, 
            19
        ], 
        "10": [
            19, 
            20
        ], 
        "11": [
            19, 
            21
        ], 
        "12": [
            16, 
            22
        ], 
        "13": [
            16, 
            20
        ], 
        "14": [
            17, 
            23
        ], 
        "15": [
            17, 
            22
        ], 
        "16": [
            14, 
            24
        ], 
        "17": [
            14, 
            23
        ], 
        "18": [
            15, 
            25
        ], 
        "19": [
            15, 
            24
        ], 
        "20": [
            12, 
            26
        ], 
        "21": [
            12, 
            25
        ], 
        "22": [
            13, 
            27
        ], 
        "23": [
            13, 
            26
        ], 
        "24": [
            10, 
            28
        ], 
        "25": [
            10, 
            27
        ], 
        "26": [
            11, 
            29
        ], 
        "27": [
            11, 
            28
        ], 
        "28": [
            8, 
            30
        ], 
        "29": [
            8, 
            29
        ], 
        "30": [
            9, 
            31
        ], 
        "31": [
            9, 
            30
        ], 
        "32": [
            6, 
            32
        ], 
        "33": [
            6, 
            31
        ], 
        "34": [
            7, 
            33
        ], 
        "35": [
            7, 
            32
        ], 
        "36": [
            4, 
            34
        ], 
        "37": [
            4, 
            33
        ], 
        "38": [
            5, 
            35
        ], 
        "39": [
            5, 
            34
        ], 
        "40": [
            2, 
            36
        ], 
        "41": [
            2, 
            35
        ], 
        "42": [
            3, 
            37
        ], 
        "43": [
            3, 
            36
        ], 
        "44": [
            0, 
            38
        ], 
        "45": [
            0, 
            37
        ], 
        "46": [
            1, 
            39
        ], 
        "47": [
            1, 
            38
        ], 
        "48": [
            18, 
            21
        ], 
        "49": [
            18, 
            39
        ], 
        "50": [
            20, 
            22
        ], 
        "51": [
            20, 
            21
        ], 
        "52": [
            23, 
            24
        ], 
        "53": [
            22, 
            23
        ], 
        "54": [
            25, 
            26
        ], 
        "55": [
            24, 
            25
        ], 
        "56": [
            27, 
            28
        ], 
        "57": [
            26, 
            27
        ], 
        "58": [
            29, 
            30
        ], 
        "59": [
            28, 
            29
        ], 
        "60": [
            31, 
            32
        ], 
        "61": [
            30, 
            31
        ], 
        "62": [
            33, 
            34
        ], 
        "63": [
            32, 
            33
        ], 
        "64": [
            35, 
            36
        ], 
        "65": [
            34, 
            35
        ], 
        "66": [
            37, 
            38
        ], 
        "67": [
            36, 
            37
        ], 
        "68": [
            38, 
            39
        ], 
        "69": [
            21, 
            39
        ], 
        "70": [
            40, 
            41
        ], 
        "71": [
            41, 
            42
        ], 
        "72": [
            40, 
            42
        ], 
        "73": [
            42, 
            43
        ], 
        "74": [
            40, 
            43
        ], 
        "75": [
            38, 
            43
        ], 
        "76": [
            38, 
            40
        ], 
        "77": [
            26, 
            41
        ], 
        "78": [
            26, 
            44
        ], 
        "79": [
            41, 
            44
        ], 
        "80": [
            42, 
            44
        ], 
        "81": [
            42, 
            45
        ], 
        "82": [
            44, 
            45
        ], 
        "83": [
            43, 
            46
        ], 
        "84": [
            42, 
            46
        ], 
        "85": [
            22, 
            42
        ], 
        "86": [
            22, 
            46
        ], 
        "87": [
            22, 
            45
        ], 
        "88": [
            21, 
            46
        ], 
        "89": [
            21, 
            22
        ], 
        "90": [
            22, 
            24
        ], 
        "91": [
            24, 
            45
        ], 
        "92": [
            45, 
            47
        ], 
        "93": [
            44, 
            47
        ], 
        "94": [
            43, 
            48
        ], 
        "95": [
            46, 
            48
        ], 
        "96": [
            49, 
            50
        ], 
        "97": [
            50, 
            51
        ], 
        "98": [
            52, 
            53
        ], 
        "99": [
            52, 
            54
        ], 
        "100": [
            30, 
            54
        ], 
        "101": [
            30, 
            32
        ], 
        "102": [
            32, 
            34
        ], 
        "103": [
            34, 
            49
        ], 
        "104": [
            32, 
            54
        ], 
        "105": [
            32, 
            49
        ], 
        "106": [
            32, 
            55
        ], 
        "107": [
            49, 
            55
        ], 
        "108": [
            49, 
            51
        ], 
        "109": [
            53, 
            54
        ], 
        "110": [
            54, 
            55
        ], 
        "111": [
            53, 
            55
        ], 
        "112": [
            41, 
            53
        ], 
        "113": [
            28, 
            53
        ], 
        "114": [
            28, 
            41
        ], 
        "115": [
            36, 
            40
        ], 
        "116": [
            36, 
            51
        ], 
        "117": [
            40, 
            51
        ], 
        "118": [
            51, 
            55
        ], 
        "119": [
            40, 
            55
        ], 
        "120": [
            41, 
            55
        ], 
        "121": [
            36, 
            38
        ], 
        "122": [
            26, 
            28
        ], 
        "123": [
            36, 
            50
        ], 
        "124": [
            34, 
            50
        ], 
        "125": [
            30, 
            52
        ], 
        "126": [
            28, 
            52
        ], 
        "127": [
            26, 
            47
        ], 
        "128": [
            24, 
            47
        ], 
        "129": [
            21, 
            48
        ], 
        "130": [
            38, 
            48
        ], 
        "131": [
            21, 
            38
        ], 
        "132": [
            24, 
            26
        ], 
        "133": [
            28, 
            30
        ], 
        "134": [
            34, 
            36
        ]
    }, 
    "vertices": {
        "0": [
            365.694, 
            -485.173, 
            0.0
        ], 
        "1": [
            370.496, 
            -486.223, 
            0.0
        ], 
        "2": [
            356.289, 
            -486.223, 
            0.0
        ], 
        "3": [
            361.091, 
            -485.173, 
            0.0
        ], 
        "4": [
            349.232, 
            -492.513, 
            0.0
        ], 
        "5": [
            351.172, 
            -489.194, 
            0.0
        ], 
        "6": [
            348.744, 
            -496.181, 
            0.0
        ], 
        "7": [
            348.744, 
            -494.383, 
            0.0
        ], 
        "8": [
            351.172, 
            -501.37, 
            0.0
        ], 
        "9": [
            349.232, 
            -498.051, 
            0.0
        ], 
        "10": [
            361.091, 
            -505.391, 
            0.0
        ], 
        "11": [
            356.289, 
            -504.341, 
            0.0
        ], 
        "12": [
            370.496, 
            -504.341, 
            0.0
        ], 
        "13": [
            365.694, 
            -505.391, 
            0.0
        ], 
        "14": [
            377.553, 
            -498.051, 
            0.0
        ], 
        "15": [
            375.613, 
            -501.37, 
            0.0
        ], 
        "16": [
            378.041, 
            -494.383, 
            0.0
        ], 
        "17": [
            378.041, 
            -496.181, 
            0.0
        ], 
        "18": [
            375.613, 
            -489.194, 
            0.0
        ], 
        "19": [
            377.553, 
            -492.513, 
            0.0
        ], 
        "20": [
            377.797, 
            -493.448, 
            0.0
        ], 
        "21": [
            376.806, 
            -491.901, 
            0.0
        ], 
        "22": [
            377.687, 
            -495.282, 
            0.0
        ], 
        "23": [
            377.797, 
            -497.116, 
            0.0
        ], 
        "24": [
            376.806, 
            -498.663, 
            0.0
        ], 
        "25": [
            373.055, 
            -502.856, 
            0.0
        ], 
        "26": [
            367.554, 
            -504.036, 
            0.0
        ], 
        "27": [
            363.393, 
            -505.391, 
            0.0
        ], 
        "28": [
            359.231, 
            -504.036, 
            0.0
        ], 
        "29": [
            353.73, 
            -502.856, 
            0.0
        ], 
        "30": [
            349.979, 
            -498.663, 
            0.0
        ], 
        "31": [
            348.988, 
            -497.116, 
            0.0
        ], 
        "32": [
            349.098, 
            -495.282, 
            0.0
        ], 
        "33": [
            348.988, 
            -493.448, 
            0.0
        ], 
        "34": [
            349.979, 
            -491.901, 
            0.0
        ], 
        "35": [
            353.73, 
            -487.708, 
            0.0
        ], 
        "36": [
            359.231, 
            -486.529, 
            0.0
        ], 
        "37": [
            363.393, 
            -485.173, 
            0.0
        ], 
        "38": [
            367.554, 
            -486.529, 
            0.0
        ], 
        "39": [
            373.055, 
            -487.708, 
            0.0
        ], 
        "40": [
            363.393, 
            -488.929, 
            0.0
        ], 
        "41": [
            363.393, 
            -501.636, 
            0.0
        ], 
        "42": [
            370.43, 
            -495.282, 
            0.0
        ], 
        "43": [
            370.43, 
            -489.124, 
            0.0
        ], 
        "44": [
            370.43, 
            -501.44, 
            0.0
        ], 
        "45": [
            373.013, 
            -498.074, 
            0.0
        ], 
        "46": [
            373.013, 
            -492.49, 
            0.0
        ], 
        "47": [
            373.013, 
            -500.528, 
            0.0
        ], 
        "48": [
            373.013, 
            -490.036, 
            0.0
        ], 
        "49": [
            353.772, 
            -492.49, 
            0.0
        ], 
        "50": [
            353.772, 
            -490.036, 
            0.0
        ], 
        "51": [
            356.355, 
            -489.124, 
            0.0
        ], 
        "52": [
            353.772, 
            -500.528, 
            0.0
        ], 
        "53": [
            356.355, 
            -501.44, 
            0.0
        ], 
        "54": [
            353.772, 
            -498.074, 
            0.0
        ], 
        "55": [
            356.355, 
            -495.282, 
            0.0
        ]
    }
}