{
    "edges": {
        "0": [
            0, 
            1
        ], 
        "1": [
            2, 
            3
        ], 
        "2": [
            3, 
            4
        ], 
        "3": [
            4, 
            5
        ], 
        "4": [
            5, 
            6
        ], 
        "5": [
            6, 
            7
        ], 
        "6": [
            7, 
            8
        ], 
        "7": [
            8, 
            9
        ], 
        "8": [
            9, 
            10
        ], 
        "9": [
            10, 
            11
        ], 
        "10": [
            2, 
            12
        ], 
        "11": [
            11, 
            12
        ], 
        "12": [
            6, 
            13
        ], 
        "13": [
            8, 
            14
        ], 
        "14": [
            4, 
            15
        ], 
        "15": [
            5, 
            16
        ], 
        "16": [
            3, 
            17
        ], 
        "17": [
            7, 
            18
        ], 
        "18": [
            9, 
            19
        ], 
        "19": [
            14, 
            19
        ], 
        "20": [
            11, 
            19
        ], 
        "21": [
            14, 
            18
        ], 
        "22": [
            13, 
            18
        ], 
        "23": [
            13, 
            16
        ], 
        "24": [
            15, 
            16
        ], 
        "25": [
            15, 
            17
        ], 
        "26": [
            12, 
            17
        ], 
        "27": [
            13, 
            20
        ], 
        "28": [
            13, 
            21
        ], 
        "29": [
            13, 
            22
        ], 
        "30": [
            16, 
            23
        ], 
        "31": [
            1, 
            17
        ], 
        "32": [
            18, 
            24
        ], 
        "33": [
            19, 
            25
        ], 
        "34": [
            14, 
            26
        ], 
        "35": [
            24, 
            26
        ], 
        "36": [
            11, 
            26
        ], 
        "37": [
            25, 
            26
        ], 
        "38": [
            13, 
            26
        ], 
        "39": [
            0, 
            15
        ], 
        "40": [
            0, 
            22
        ], 
        "41": [
            1, 
            15
        ], 
        "42": [
            1, 
            12
        ], 
        "43": [
            0, 
            13
        ], 
        "44": [
            0, 
            12
        ], 
        "45": [
            0, 
            23
        ], 
        "46": [
            20, 
            21
        ], 
        "47": [
            12, 
            20
        ], 
        "48": [
            20, 
            22
        ], 
        "49": [
            11, 
            20
        ], 
        "50": [
            15, 
            23
        ], 
        "51": [
            13, 
            23
        ], 
        "52": [
            14, 
            25
        ], 
        "53": [
            11, 
            25
        ], 
        "54": [
            14, 
            24
        ], 
        "55": [
            13, 
            24
        ], 
        "56": [
            12, 
            22
        ], 
        "57": [
            11, 
            21
        ], 
        "58": [
            21, 
            26
        ], 
        "59": [
            25, 
            27
        ], 
        "60": [
            19, 
            27
        ], 
        "61": [
            14, 
            27
        ], 
        "62": [
            19, 
            28
        ], 
        "63": [
            25, 
            28
        ], 
        "64": [
            11, 
            28
        ], 
        "65": [
            25, 
            29
        ], 
        "66": [
            11, 
            29
        ], 
        "67": [
            26, 
            29
        ], 
        "68": [
            26, 
            30
        ], 
        "69": [
            21, 
            30
        ], 
        "70": [
            11, 
            30
        ], 
        "71": [
            21, 
            31
        ], 
        "72": [
            11, 
            31
        ], 
        "73": [
            20, 
            31
        ], 
        "74": [
            20, 
            32
        ], 
        "75": [
            13, 
            32
        ], 
        "76": [
            21, 
            32
        ], 
        "77": [
            21, 
            33
        ], 
        "78": [
            26, 
            33
        ], 
        "79": [
            13, 
            33
        ], 
        "80": [
            13, 
            34
        ], 
        "81": [
            24, 
            34
        ], 
        "82": [
            26, 
            34
        ], 
        "83": [
            26, 
            35
        ], 
        "84": [
            24, 
            35
        ], 
        "85": [
            14, 
            35
        ], 
        "86": [
            14, 
            36
        ], 
        "87": [
            26, 
            36
        ], 
        "88": [
            25, 
            36
        ], 
        "89": [
            24, 
            37
        ], 
        "90": [
            18, 
            37
        ], 
        "91": [
            14, 
            37
        ], 
        "92": [
            24, 
            38
        ], 
        "93": [
            18, 
            38
        ], 
        "94": [
            13, 
            38
        ], 
        "95": [
            13, 
            39
        ], 
        "96": [
            20, 
            39
        ], 
        "97": [
            22, 
            39
        ], 
        "98": [
            22, 
            40
        ], 
        "99": [
            20, 
            40
        ], 
        "100": [
            12, 
            40
        ], 
        "101": [
            0, 
            41
        ], 
        "102": [
            22, 
            41
        ], 
        "103": [
            12, 
            41
        ], 
        "104": [
            1, 
            42
        ], 
        "105": [
            12, 
            42
        ], 
        "106": [
            0, 
            42
        ], 
        "107": [
            1, 
            43
        ], 
        "108": [
            15, 
            43
        ], 
        "109": [
            0, 
            43
        ], 
        "110": [
            0, 
            44
        ], 
        "111": [
            15, 
            44
        ], 
        "112": [
            23, 
            44
        ], 
        "113": [
            23, 
            45
        ], 
        "114": [
            0, 
            45
        ], 
        "115": [
            13, 
            45
        ], 
        "116": [
            23, 
            46
        ], 
        "117": [
            16, 
            46
        ], 
        "118": [
            13, 
            46
        ], 
        "119": [
            0, 
            47
        ], 
        "120": [
            22, 
            47
        ], 
        "121": [
            13, 
            47
        ], 
        "122": [
            23, 
            48
        ], 
        "123": [
            16, 
            48
        ], 
        "124": [
            15, 
            48
        ], 
        "125": [
            17, 
            49
        ], 
        "126": [
            1, 
            49
        ], 
        "127": [
            15, 
            49
        ], 
        "128": [
            17, 
            50
        ], 
        "129": [
            1, 
            50
        ], 
        "130": [
            12, 
            50
        ]
    }, 
    "vertices": {
        "0": [
            106.799, 
            4.368, 
            0.0
        ], 
        "1": [
            97.301, 
            5.226, 
            0.0
        ], 
        "2": [
            85.798, 
            15.639, 
            0.0
        ], 
        "3": [
            94.724, 
            15.639, 
            0.0
        ], 
        "4": [
            103.65, 
            15.639, 
            0.0
        ], 
        "5": [
            112.576, 
            15.639, 
            0.0
        ], 
        "6": [
            121.502, 
            15.639, 
            0.0
        ], 
        "7": [
            130.429, 
            15.639, 
            0.0
        ], 
        "8": [
            139.355, 
            15.639, 
            0.0
        ], 
        "9": [
            148.281, 
            15.639, 
            0.0
        ], 
        "10": [
            157.207, 
            15.639, 
            0.0
        ], 
        "11": [
            157.207, 
            -23.333, 
            0.0
        ], 
        "12": [
            85.798, 
            -0.88900000000000001, 
            0.0
        ], 
        "13": [
            121.502, 
            3.027, 
            0.0
        ], 
        "14": [
            139.355, 
            1.671, 
            0.0
        ], 
        "15": [
            103.65, 
            8.6, 
            0.0
        ], 
        "16": [
            112.576, 
            11.358, 
            0.0
        ], 
        "17": [
            94.724, 
            10.683, 
            0.0
        ], 
        "18": [
            130.429, 
            8.083, 
            0.0
        ], 
        "19": [
            148.281, 
            -1.801, 
            0.0
        ], 
        "20": [
            121.502, 
            -4.907, 
            0.0
        ], 
        "21": [
            134.168, 
            -6.332, 
            0.0
        ], 
        "22": [
            108.837, 
            1.629, 
            0.0
        ], 
        "23": [
            112.576, 
            5.814, 
            0.0
        ], 
        "24": [
            130.429, 
            2.349, 
            0.0
        ], 
        "25": [
            148.281, 
            -10.831, 
            0.0
        ], 
        "26": [
            139.355, 
            -6.211, 
            0.0
        ], 
        "27": [
            146.156, 
            -4.16, 
            0.0
        ], 
        "28": [
            150.006, 
            -10.577, 
            0.0
        ], 
        "29": [
            147.735, 
            -12.699, 
            0.0
        ], 
        "30": [
            141.319, 
            -10.132, 
            0.0
        ], 
        "31": [
            134.063, 
            -9.491, 
            0.0
        ], 
        "32": [
            124.537, 
            -2.63, 
            0.0
        ], 
        "33": [
            134.803, 
            -5.098, 
            0.0
        ], 
        "34": [
            129.67, 
            0.52900000000000003, 
            0.0
        ], 
        "35": [
            136.926, 
            -0.70499999999999996, 
            0.0
        ], 
        "36": [
            142.256, 
            -5.345, 
            0.0
        ], 
        "37": [
            132.286, 
            4.478, 
            0.0
        ], 
        "38": [
            127.696, 
            4.428, 
            0.0
        ], 
        "39": [
            118.268, 
            -0.014, 
            0.0
        ], 
        "40": [
            107.848, 
            -1.264, 
            0.0
        ], 
        "41": [
            104.295, 
            2.043, 
            0.0
        ], 
        "42": [
            98.322, 
            3.474, 
            0.0
        ], 
        "43": [
            102.567, 
            6.238, 
            0.0
        ], 
        "44": [
            107.476, 
            6.038, 
            0.0
        ], 
        "45": [
            112.906, 
            4.607, 
            0.0
        ], 
        "46": [
            114.732, 
            7.223, 
            0.0
        ], 
        "47": [
            110.043, 
            2.781, 
            0.0
        ], 
        "48": [
            110.684, 
            8.555, 
            0.0
        ], 
        "49": [
            98.52, 
            8.065, 
            0.0
        ], 
        "50": [
            94.225, 
            6.436, 
            0.0
        ]
    }
}