{
    "edges": {
        "0": [
            0, 
            1
        ], 
        "1": [
            1, 
            2
        ], 
        "2": [
            0, 
            2
        ], 
        "3": [
            2, 
            3
        ], 
        "4": [
            0, 
            3
        ], 
        "5": [
            3, 
            4
        ], 
        "6": [
            0, 
            4
        ], 
        "7": [
            1, 
            5
        ], 
        "8": [
            5, 
            6
        ], 
        "9": [
            1, 
            6
        ], 
        "10": [
            2, 
            6
        ], 
        "11": [
            2, 
            7
        ], 
        "12": [
            6, 
            7
        ], 
        "13": [
            3, 
            8
        ], 
        "14": [
            2, 
            8
        ], 
        "15": [
            2, 
            9
        ], 
        "16": [
            8, 
            9
        ], 
        "17": [
            7, 
            9
        ], 
        "18": [
            8, 
            10
        ], 
        "19": [
            9, 
            10
        ], 
        "20": [
            9, 
            11
        ], 
        "21": [
            7, 
            11
        ], 
        "22": [
            7, 
            12
        ], 
        "23": [
            6, 
            12
        ], 
        "24": [
            3, 
            13
        ], 
        "25": [
            8, 
            13
        ], 
        "26": [
            14, 
            15
        ], 
        "27": [
            15, 
            16
        ], 
        "28": [
            17, 
            18
        ], 
        "29": [
            17, 
            19
        ], 
        "30": [
            19, 
            20
        ], 
        "31": [
            20, 
            21
        ], 
        "32": [
            21, 
            22
        ], 
        "33": [
            14, 
            22
        ], 
        "34": [
            19, 
            21
        ], 
        "35": [
            14, 
            21
        ], 
        "36": [
            21, 
            23
        ], 
        "37": [
            14, 
            23
        ], 
        "38": [
            14, 
            16
        ], 
        "39": [
            18, 
            19
        ], 
        "40": [
            19, 
            23
        ], 
        "41": [
            18, 
            23
        ], 
        "42": [
            1, 
            18
        ], 
        "43": [
            18, 
            24
        ], 
        "44": [
            1, 
            24
        ], 
        "45": [
            0, 
            25
        ], 
        "46": [
            16, 
            25
        ], 
        "47": [
            0, 
            16
        ], 
        "48": [
            16, 
            23
        ], 
        "49": [
            0, 
            23
        ], 
        "50": [
            1, 
            23
        ], 
        "51": [
            4, 
            25
        ], 
        "52": [
            5, 
            24
        ], 
        "53": [
            15, 
            25
        ], 
        "54": [
            15, 
            22
        ], 
        "55": [
            17, 
            20
        ], 
        "56": [
            17, 
            24
        ], 
        "57": [
            5, 
            12
        ], 
        "58": [
            11, 
            12
        ], 
        "59": [
            10, 
            13
        ], 
        "60": [
            4, 
            13
        ], 
        "61": [
            4, 
            10
        ], 
        "62": [
            5, 
            11
        ], 
        "63": [
            20, 
            24
        ], 
        "64": [
            22, 
            25
        ]
    }, 
    "vertices": {
        "0": [
            363.393, 
            -459.434, 
            0.0
        ], 
        "1": [
            363.393, 
            -472.141, 
            0.0
        ], 
        "2": [
            370.43, 
            -465.788, 
            0.0
        ], 
        "3": [
            370.43, 
            -459.63, 
            0.0
        ], 
        "4": [
            367.554, 
            -457.034, 
            0.0
        ], 
        "5": [
            367.554, 
            -474.541, 
            0.0
        ], 
        "6": [
            370.43, 
            -471.946, 
            0.0
        ], 
        "7": [
            373.013, 
            -468.58, 
            0.0
        ], 
        "8": [
            373.013, 
            -462.996, 
            0.0
        ], 
        "9": [
            377.687, 
            -465.788, 
            0.0
        ], 
        "10": [
            376.806, 
            -462.407, 
            0.0
        ], 
        "11": [
            376.806, 
            -469.169, 
            0.0
        ], 
        "12": [
            373.013, 
            -471.034, 
            0.0
        ], 
        "13": [
            373.013, 
            -460.542, 
            0.0
        ], 
        "14": [
            353.772, 
            -462.996, 
            0.0
        ], 
        "15": [
            353.772, 
            -460.542, 
            0.0
        ], 
        "16": [
            356.355, 
            -459.63, 
            0.0
        ], 
        "17": [
            353.772, 
            -471.034, 
            0.0
        ], 
        "18": [
            356.355, 
            -471.946, 
            0.0
        ], 
        "19": [
            353.772, 
            -468.58, 
            0.0
        ], 
        "20": [
            349.979, 
            -469.169, 
            0.0
        ], 
        "21": [
            349.098, 
            -465.788, 
            0.0
        ], 
        "22": [
            349.979, 
            -462.407, 
            0.0
        ], 
        "23": [
            356.355, 
            -465.788, 
            0.0
        ], 
        "24": [
            359.231, 
            -474.541, 
            0.0
        ], 
        "25": [
            359.231, 
            -457.034, 
            0.0
        ]
    }
}