{
    "edges": {
        "0": [
            0, 
            1
        ], 
        "1": [
            2, 
            3
        ], 
        "2": [
            4, 
            5
        ], 
        "3": [
            3, 
            6
        ], 
        "4": [
            7, 
            8
        ], 
        "5": [
            9, 
            10
        ], 
        "6": [
            2, 
            11
        ], 
        "7": [
            12, 
            13
        ], 
        "8": [
            14, 
            15
        ], 
        "9": [
            4, 
            16
        ], 
        "10": [
            8, 
            16
        ], 
        "11": [
            16, 
            17
        ], 
        "12": [
            8, 
            15
        ], 
        "13": [
            6, 
            15
        ], 
        "14": [
            6, 
            11
        ], 
        "15": [
            10, 
            11
        ], 
        "16": [
            10, 
            13
        ], 
        "17": [
            6, 
            18
        ], 
        "18": [
            6, 
            19
        ], 
        "19": [
            6, 
            20
        ], 
        "20": [
            11, 
            21
        ], 
        "21": [
            1, 
            13
        ], 
        "22": [
            15, 
            22
        ], 
        "23": [
            16, 
            23
        ], 
        "24": [
            8, 
            24
        ], 
        "25": [
            22, 
            24
        ], 
        "26": [
            17, 
            24
        ], 
        "27": [
            23, 
            24
        ], 
        "28": [
            6, 
            24
        ], 
        "29": [
            0, 
            10
        ], 
        "30": [
            0, 
            20
        ], 
        "31": [
            1, 
            10
        ], 
        "32": [
            0, 
            6
        ], 
        "33": [
            0, 
            21
        ], 
        "34": [
            18, 
            19
        ], 
        "35": [
            18, 
            20
        ], 
        "36": [
            17, 
            18
        ], 
        "37": [
            10, 
            21
        ], 
        "38": [
            6, 
            21
        ], 
        "39": [
            8, 
            23
        ], 
        "40": [
            17, 
            23
        ], 
        "41": [
            8, 
            22
        ], 
        "42": [
            6, 
            22
        ], 
        "43": [
            17, 
            19
        ], 
        "44": [
            19, 
            24
        ], 
        "45": [
            23, 
            25
        ], 
        "46": [
            16, 
            25
        ], 
        "47": [
            8, 
            25
        ], 
        "48": [
            16, 
            26
        ], 
        "49": [
            23, 
            26
        ], 
        "50": [
            17, 
            26
        ], 
        "51": [
            23, 
            27
        ], 
        "52": [
            17, 
            27
        ], 
        "53": [
            24, 
            27
        ], 
        "54": [
            24, 
            28
        ], 
        "55": [
            19, 
            28
        ], 
        "56": [
            17, 
            28
        ], 
        "57": [
            19, 
            29
        ], 
        "58": [
            17, 
            29
        ], 
        "59": [
            18, 
            29
        ], 
        "60": [
            18, 
            30
        ], 
        "61": [
            6, 
            30
        ], 
        "62": [
            19, 
            30
        ], 
        "63": [
            19, 
            31
        ], 
        "64": [
            24, 
            31
        ], 
        "65": [
            6, 
            31
        ], 
        "66": [
            6, 
            32
        ], 
        "67": [
            22, 
            32
        ], 
        "68": [
            24, 
            32
        ], 
        "69": [
            24, 
            33
        ], 
        "70": [
            22, 
            33
        ], 
        "71": [
            8, 
            33
        ], 
        "72": [
            8, 
            34
        ], 
        "73": [
            24, 
            34
        ], 
        "74": [
            23, 
            34
        ], 
        "75": [
            22, 
            35
        ], 
        "76": [
            15, 
            35
        ], 
        "77": [
            8, 
            35
        ], 
        "78": [
            22, 
            36
        ], 
        "79": [
            15, 
            36
        ], 
        "80": [
            6, 
            36
        ], 
        "81": [
            6, 
            37
        ], 
        "82": [
            18, 
            37
        ], 
        "83": [
            20, 
            37
        ], 
        "84": [
            20, 
            38
        ], 
        "85": [
            18, 
            38
        ], 
        "86": [
            1, 
            39
        ], 
        "87": [
            10, 
            39
        ], 
        "88": [
            0, 
            39
        ], 
        "89": [
            0, 
            40
        ], 
        "90": [
            10, 
            40
        ], 
        "91": [
            21, 
            40
        ], 
        "92": [
            21, 
            41
        ], 
        "93": [
            0, 
            41
        ], 
        "94": [
            6, 
            41
        ], 
        "95": [
            21, 
            42
        ], 
        "96": [
            11, 
            42
        ], 
        "97": [
            6, 
            42
        ], 
        "98": [
            0, 
            43
        ], 
        "99": [
            20, 
            43
        ], 
        "100": [
            6, 
            43
        ], 
        "101": [
            21, 
            44
        ], 
        "102": [
            11, 
            44
        ], 
        "103": [
            10, 
            44
        ], 
        "104": [
            13, 
            45
        ], 
        "105": [
            1, 
            45
        ], 
        "106": [
            10, 
            45
        ], 
        "107": [
            13, 
            46
        ], 
        "108": [
            1, 
            46
        ], 
        "109": [
            17, 
            47
        ], 
        "110": [
            48, 
            49
        ], 
        "111": [
            48, 
            50
        ], 
        "112": [
            48, 
            51
        ], 
        "113": [
            52, 
            53
        ], 
        "114": [
            50, 
            52
        ], 
        "115": [
            51, 
            52
        ], 
        "116": [
            53, 
            54
        ], 
        "117": [
            54, 
            55
        ], 
        "118": [
            54, 
            56
        ], 
        "119": [
            57, 
            58
        ], 
        "120": [
            57, 
            59
        ], 
        "121": [
            57, 
            60
        ], 
        "122": [
            58, 
            61
        ], 
        "123": [
            55, 
            61
        ], 
        "124": [
            56, 
            61
        ], 
        "125": [
            58, 
            62
        ], 
        "126": [
            60, 
            62
        ], 
        "127": [
            56, 
            62
        ], 
        "128": [
            56, 
            63
        ], 
        "129": [
            53, 
            63
        ], 
        "130": [
            60, 
            63
        ], 
        "131": [
            60, 
            64
        ], 
        "132": [
            53, 
            64
        ], 
        "133": [
            50, 
            64
        ], 
        "134": [
            60, 
            65
        ], 
        "135": [
            49, 
            65
        ], 
        "136": [
            50, 
            65
        ], 
        "137": [
            49, 
            66
        ], 
        "138": [
            59, 
            66
        ], 
        "139": [
            60, 
            66
        ], 
        "140": [
            49, 
            67
        ], 
        "141": [
            67, 
            68
        ], 
        "142": [
            59, 
            67
        ], 
        "143": [
            59, 
            69
        ], 
        "144": [
            68, 
            69
        ], 
        "145": [
            58, 
            69
        ], 
        "146": [
            58, 
            70
        ], 
        "147": [
            70, 
            71
        ], 
        "148": [
            70, 
            72
        ], 
        "149": [
            73, 
            74
        ], 
        "150": [
            71, 
            73
        ], 
        "151": [
            72, 
            73
        ], 
        "152": [
            75, 
            76
        ], 
        "153": [
            75, 
            77
        ], 
        "154": [
            74, 
            75
        ], 
        "155": [
            74, 
            78
        ], 
        "156": [
            72, 
            78
        ], 
        "157": [
            77, 
            78
        ], 
        "158": [
            77, 
            79
        ], 
        "159": [
            72, 
            79
        ], 
        "160": [
            58, 
            79
        ], 
        "161": [
            58, 
            80
        ], 
        "162": [
            77, 
            80
        ], 
        "163": [
            80, 
            81
        ], 
        "164": [
            81, 
            82
        ], 
        "165": [
            58, 
            82
        ], 
        "166": [
            68, 
            82
        ], 
        "167": [
            68, 
            83
        ], 
        "168": [
            17, 
            83
        ], 
        "169": [
            81, 
            83
        ], 
        "170": [
            17, 
            84
        ], 
        "171": [
            81, 
            84
        ], 
        "172": [
            77, 
            84
        ], 
        "173": [
            77, 
            85
        ], 
        "174": [
            17, 
            85
        ], 
        "175": [
            76, 
            85
        ], 
        "176": [
            17, 
            86
        ], 
        "177": [
            76, 
            86
        ], 
        "178": [
            47, 
            86
        ], 
        "179": [
            74, 
            87
        ], 
        "180": [
            47, 
            87
        ], 
        "181": [
            76, 
            87
        ], 
        "182": [
            77, 
            81
        ], 
        "183": [
            17, 
            81
        ], 
        "184": [
            49, 
            59
        ], 
        "185": [
            74, 
            76
        ], 
        "186": [
            58, 
            72
        ], 
        "187": [
            72, 
            74
        ], 
        "188": [
            17, 
            76
        ], 
        "189": [
            56, 
            58
        ], 
        "190": [
            53, 
            56
        ], 
        "191": [
            17, 
            68
        ], 
        "192": [
            59, 
            68
        ], 
        "193": [
            49, 
            68
        ], 
        "194": [
            68, 
            81
        ], 
        "195": [
            56, 
            60
        ], 
        "196": [
            49, 
            60
        ], 
        "197": [
            58, 
            60
        ], 
        "198": [
            49, 
            50
        ], 
        "199": [
            50, 
            53
        ], 
        "200": [
            59, 
            60
        ], 
        "201": [
            53, 
            60
        ], 
        "202": [
            58, 
            77
        ], 
        "203": [
            76, 
            77
        ], 
        "204": [
            17, 
            77
        ], 
        "205": [
            72, 
            77
        ], 
        "206": [
            74, 
            77
        ], 
        "207": [
            47, 
            76
        ], 
        "208": [
            71, 
            72
        ], 
        "209": [
            50, 
            51
        ], 
        "210": [
            55, 
            56
        ], 
        "211": [
            58, 
            59
        ], 
        "212": [
            58, 
            81
        ], 
        "213": [
            58, 
            68
        ], 
        "214": [
            49, 
            51
        ], 
        "215": [
            51, 
            53
        ], 
        "216": [
            53, 
            55
        ], 
        "217": [
            55, 
            58
        ], 
        "218": [
            58, 
            71
        ], 
        "219": [
            71, 
            74
        ], 
        "220": [
            47, 
            74
        ], 
        "221": [
            47, 
            88
        ], 
        "222": [
            71, 
            89
        ], 
        "223": [
            51, 
            90
        ], 
        "224": [
            55, 
            91
        ], 
        "225": [
            53, 
            92
        ], 
        "226": [
            74, 
            93
        ], 
        "227": [
            58, 
            94
        ], 
        "228": [
            17, 
            49
        ], 
        "229": [
            49, 
            95
        ], 
        "230": [
            89, 
            93
        ], 
        "231": [
            50, 
            60
        ], 
        "232": [
            88, 
            93
        ], 
        "233": [
            7, 
            14
        ], 
        "234": [
            3, 
            14
        ], 
        "235": [
            96, 
            97
        ], 
        "236": [
            17, 
            97
        ], 
        "237": [
            13, 
            97
        ], 
        "238": [
            1, 
            97
        ], 
        "239": [
            0, 
            97
        ], 
        "240": [
            18, 
            97
        ], 
        "241": [
            20, 
            97
        ], 
        "242": [
            38, 
            97
        ], 
        "243": [
            46, 
            97
        ], 
        "244": [
            0, 
            98
        ], 
        "245": [
            20, 
            98
        ], 
        "246": [
            97, 
            98
        ], 
        "247": [
            1, 
            99
        ], 
        "248": [
            0, 
            99
        ], 
        "249": [
            97, 
            99
        ], 
        "250": [
            47, 
            100
        ], 
        "251": [
            16, 
            100
        ], 
        "252": [
            5, 
            100
        ], 
        "253": [
            5, 
            101
        ], 
        "254": [
            101, 
            102
        ], 
        "255": [
            101, 
            103
        ], 
        "256": [
            104, 
            105
        ], 
        "257": [
            104, 
            106
        ], 
        "258": [
            104, 
            107
        ], 
        "259": [
            105, 
            108
        ], 
        "260": [
            108, 
            109
        ], 
        "261": [
            106, 
            108
        ], 
        "262": [
            12, 
            96
        ], 
        "263": [
            4, 
            7
        ], 
        "264": [
            5, 
            88
        ], 
        "265": [
            91, 
            94
        ], 
        "266": [
            90, 
            92
        ], 
        "267": [
            90, 
            95
        ], 
        "268": [
            91, 
            92
        ], 
        "269": [
            89, 
            94
        ], 
        "270": [
            2, 
            9
        ], 
        "271": [
            9, 
            12
        ], 
        "272": [
            94, 
            110
        ], 
        "273": [
            93, 
            111
        ], 
        "274": [
            92, 
            112
        ], 
        "275": [
            91, 
            113
        ], 
        "276": [
            90, 
            114
        ], 
        "277": [
            89, 
            115
        ], 
        "278": [
            88, 
            103
        ], 
        "279": [
            4, 
            102
        ], 
        "280": [
            14, 
            116
        ], 
        "281": [
            12, 
            117
        ], 
        "282": [
            2, 
            118
        ], 
        "283": [
            9, 
            119
        ], 
        "284": [
            7, 
            120
        ], 
        "285": [
            3, 
            121
        ], 
        "286": [
            105, 
            122
        ], 
        "287": [
            105, 
            123
        ], 
        "288": [
            105, 
            109
        ], 
        "289": [
            105, 
            124
        ], 
        "290": [
            105, 
            106
        ], 
        "291": [
            105, 
            107
        ], 
        "292": [
            105, 
            117
        ], 
        "293": [
            105, 
            125
        ], 
        "294": [
            96, 
            105
        ], 
        "295": [
            126, 
            127
        ], 
        "296": [
            95, 
            128
        ], 
        "297": [
            125, 
            128
        ], 
        "298": [
            103, 
            111
        ], 
        "299": [
            111, 
            115
        ], 
        "300": [
            110, 
            115
        ], 
        "301": [
            110, 
            113
        ], 
        "302": [
            112, 
            113
        ], 
        "303": [
            112, 
            114
        ], 
        "304": [
            114, 
            128
        ], 
        "305": [
            110, 
            129
        ], 
        "306": [
            110, 
            130
        ], 
        "307": [
            110, 
            131
        ], 
        "308": [
            113, 
            132
        ], 
        "309": [
            114, 
            127
        ], 
        "310": [
            115, 
            133
        ], 
        "311": [
            103, 
            134
        ], 
        "312": [
            111, 
            135
        ], 
        "313": [
            133, 
            135
        ], 
        "314": [
            125, 
            135
        ], 
        "315": [
            134, 
            135
        ], 
        "316": [
            110, 
            135
        ], 
        "317": [
            112, 
            126
        ], 
        "318": [
            126, 
            131
        ], 
        "319": [
            112, 
            127
        ], 
        "320": [
            127, 
            128
        ], 
        "321": [
            110, 
            126
        ], 
        "322": [
            126, 
            128
        ], 
        "323": [
            126, 
            132
        ], 
        "324": [
            129, 
            130
        ], 
        "325": [
            128, 
            129
        ], 
        "326": [
            129, 
            131
        ], 
        "327": [
            125, 
            129
        ], 
        "328": [
            112, 
            132
        ], 
        "329": [
            110, 
            132
        ], 
        "330": [
            125, 
            134
        ], 
        "331": [
            111, 
            133
        ], 
        "332": [
            110, 
            133
        ], 
        "333": [
            111, 
            134
        ], 
        "334": [
            128, 
            131
        ], 
        "335": [
            125, 
            130
        ], 
        "336": [
            130, 
            135
        ], 
        "337": [
            134, 
            136
        ], 
        "338": [
            103, 
            136
        ], 
        "339": [
            111, 
            136
        ], 
        "340": [
            103, 
            137
        ], 
        "341": [
            134, 
            137
        ], 
        "342": [
            125, 
            137
        ], 
        "343": [
            134, 
            138
        ], 
        "344": [
            125, 
            138
        ], 
        "345": [
            135, 
            138
        ], 
        "346": [
            135, 
            139
        ], 
        "347": [
            130, 
            139
        ], 
        "348": [
            125, 
            139
        ], 
        "349": [
            130, 
            140
        ], 
        "350": [
            125, 
            140
        ], 
        "351": [
            129, 
            140
        ], 
        "352": [
            129, 
            141
        ], 
        "353": [
            110, 
            141
        ], 
        "354": [
            130, 
            141
        ], 
        "355": [
            130, 
            142
        ], 
        "356": [
            135, 
            142
        ], 
        "357": [
            110, 
            142
        ], 
        "358": [
            110, 
            143
        ], 
        "359": [
            133, 
            143
        ], 
        "360": [
            135, 
            143
        ], 
        "361": [
            135, 
            144
        ], 
        "362": [
            133, 
            144
        ], 
        "363": [
            111, 
            144
        ], 
        "364": [
            111, 
            145
        ], 
        "365": [
            135, 
            145
        ], 
        "366": [
            134, 
            145
        ], 
        "367": [
            133, 
            146
        ], 
        "368": [
            115, 
            146
        ], 
        "369": [
            111, 
            146
        ], 
        "370": [
            133, 
            147
        ], 
        "371": [
            115, 
            147
        ], 
        "372": [
            110, 
            147
        ], 
        "373": [
            110, 
            148
        ], 
        "374": [
            129, 
            148
        ], 
        "375": [
            131, 
            148
        ], 
        "376": [
            131, 
            149
        ], 
        "377": [
            129, 
            149
        ], 
        "378": [
            128, 
            149
        ], 
        "379": [
            126, 
            150
        ], 
        "380": [
            131, 
            150
        ], 
        "381": [
            128, 
            150
        ], 
        "382": [
            127, 
            151
        ], 
        "383": [
            128, 
            151
        ], 
        "384": [
            126, 
            151
        ], 
        "385": [
            127, 
            152
        ], 
        "386": [
            112, 
            152
        ], 
        "387": [
            126, 
            152
        ], 
        "388": [
            126, 
            153
        ], 
        "389": [
            112, 
            153
        ], 
        "390": [
            132, 
            153
        ], 
        "391": [
            132, 
            154
        ], 
        "392": [
            126, 
            154
        ], 
        "393": [
            110, 
            154
        ], 
        "394": [
            132, 
            155
        ], 
        "395": [
            113, 
            155
        ], 
        "396": [
            110, 
            155
        ], 
        "397": [
            126, 
            156
        ], 
        "398": [
            131, 
            156
        ], 
        "399": [
            110, 
            156
        ], 
        "400": [
            132, 
            157
        ], 
        "401": [
            113, 
            157
        ], 
        "402": [
            112, 
            157
        ], 
        "403": [
            114, 
            158
        ], 
        "404": [
            127, 
            158
        ], 
        "405": [
            112, 
            158
        ], 
        "406": [
            114, 
            159
        ], 
        "407": [
            127, 
            159
        ], 
        "408": [
            128, 
            159
        ], 
        "409": [
            103, 
            125
        ], 
        "410": [
            102, 
            125
        ], 
        "411": [
            107, 
            122
        ], 
        "412": [
            117, 
            122
        ], 
        "413": [
            119, 
            160
        ], 
        "414": [
            107, 
            160
        ], 
        "415": [
            117, 
            160
        ], 
        "416": [
            119, 
            161
        ], 
        "417": [
            118, 
            161
        ], 
        "418": [
            161, 
            162
        ], 
        "419": [
            121, 
            163
        ], 
        "420": [
            109, 
            163
        ], 
        "421": [
            106, 
            163
        ], 
        "422": [
            121, 
            164
        ], 
        "423": [
            118, 
            164
        ], 
        "424": [
            162, 
            164
        ], 
        "425": [
            121, 
            165
        ], 
        "426": [
            106, 
            165
        ], 
        "427": [
            162, 
            165
        ], 
        "428": [
            162, 
            166
        ], 
        "429": [
            119, 
            166
        ], 
        "430": [
            106, 
            166
        ], 
        "431": [
            106, 
            167
        ], 
        "432": [
            119, 
            167
        ], 
        "433": [
            107, 
            167
        ], 
        "434": [
            123, 
            124
        ], 
        "435": [
            109, 
            123
        ], 
        "436": [
            109, 
            168
        ], 
        "437": [
            124, 
            168
        ], 
        "438": [
            121, 
            168
        ], 
        "439": [
            121, 
            169
        ], 
        "440": [
            116, 
            169
        ], 
        "441": [
            169, 
            170
        ], 
        "442": [
            120, 
            171
        ], 
        "443": [
            116, 
            171
        ], 
        "444": [
            170, 
            171
        ], 
        "445": [
            172, 
            173
        ], 
        "446": [
            172, 
            174
        ], 
        "447": [
            120, 
            172
        ], 
        "448": [
            120, 
            175
        ], 
        "449": [
            170, 
            175
        ], 
        "450": [
            174, 
            175
        ], 
        "451": [
            174, 
            176
        ], 
        "452": [
            170, 
            176
        ], 
        "453": [
            121, 
            176
        ], 
        "454": [
            121, 
            177
        ], 
        "455": [
            174, 
            177
        ], 
        "456": [
            177, 
            178
        ], 
        "457": [
            178, 
            179
        ], 
        "458": [
            121, 
            179
        ], 
        "459": [
            124, 
            179
        ], 
        "460": [
            124, 
            180
        ], 
        "461": [
            125, 
            180
        ], 
        "462": [
            178, 
            180
        ], 
        "463": [
            125, 
            181
        ], 
        "464": [
            178, 
            181
        ], 
        "465": [
            174, 
            181
        ], 
        "466": [
            174, 
            182
        ], 
        "467": [
            125, 
            182
        ], 
        "468": [
            173, 
            182
        ], 
        "469": [
            125, 
            183
        ], 
        "470": [
            173, 
            183
        ], 
        "471": [
            102, 
            183
        ], 
        "472": [
            120, 
            184
        ], 
        "473": [
            102, 
            184
        ], 
        "474": [
            173, 
            184
        ], 
        "475": [
            174, 
            178
        ], 
        "476": [
            125, 
            178
        ], 
        "477": [
            120, 
            173
        ], 
        "478": [
            121, 
            170
        ], 
        "479": [
            120, 
            170
        ], 
        "480": [
            125, 
            173
        ], 
        "481": [
            121, 
            162
        ], 
        "482": [
            119, 
            162
        ], 
        "483": [
            124, 
            125
        ], 
        "484": [
            109, 
            124
        ], 
        "485": [
            124, 
            178
        ], 
        "486": [
            106, 
            162
        ], 
        "487": [
            106, 
            121
        ], 
        "488": [
            107, 
            119
        ], 
        "489": [
            106, 
            109
        ], 
        "490": [
            106, 
            119
        ], 
        "491": [
            121, 
            174
        ], 
        "492": [
            173, 
            174
        ], 
        "493": [
            125, 
            174
        ], 
        "494": [
            170, 
            174
        ], 
        "495": [
            120, 
            174
        ], 
        "496": [
            102, 
            173
        ], 
        "497": [
            116, 
            170
        ], 
        "498": [
            107, 
            117
        ], 
        "499": [
            118, 
            162
        ], 
        "500": [
            109, 
            121
        ], 
        "501": [
            121, 
            178
        ], 
        "502": [
            121, 
            124
        ], 
        "503": [
            117, 
            119
        ], 
        "504": [
            118, 
            119
        ], 
        "505": [
            118, 
            121
        ], 
        "506": [
            116, 
            121
        ], 
        "507": [
            116, 
            120
        ], 
        "508": [
            102, 
            120
        ], 
        "509": [
            106, 
            107
        ]
    }, 
    "vertices": {
        "0": [
            106.799, 
            4.368, 
            0.0
        ], 
        "1": [
            97.301, 
            5.226, 
            0.0
        ], 
        "2": [
            112.576, 
            15.639, 
            0.0
        ], 
        "3": [
            121.502, 
            15.639, 
            0.0
        ], 
        "4": [
            148.281, 
            15.639, 
            0.0
        ], 
        "5": [
            157.207, 
            15.639, 
            0.0
        ], 
        "6": [
            121.502, 
            3.027, 
            0.0
        ], 
        "7": [
            139.355, 
            15.639, 
            0.0
        ], 
        "8": [
            139.355, 
            1.671, 
            0.0
        ], 
        "9": [
            103.65, 
            15.639, 
            0.0
        ], 
        "10": [
            103.65, 
            8.6, 
            0.0
        ], 
        "11": [
            112.576, 
            11.358, 
            0.0
        ], 
        "12": [
            94.724, 
            15.639, 
            0.0
        ], 
        "13": [
            94.724, 
            10.683, 
            0.0
        ], 
        "14": [
            130.429, 
            15.639, 
            0.0
        ], 
        "15": [
            130.429, 
            8.083, 
            0.0
        ], 
        "16": [
            148.281, 
            -1.801, 
            0.0
        ], 
        "17": [
            157.207, 
            -23.333, 
            0.0
        ], 
        "18": [
            121.502, 
            -4.907, 
            0.0
        ], 
        "19": [
            134.168, 
            -6.332, 
            0.0
        ], 
        "20": [
            108.837, 
            1.629, 
            0.0
        ], 
        "21": [
            112.576, 
            5.814, 
            0.0
        ], 
        "22": [
            130.429, 
            2.349, 
            0.0
        ], 
        "23": [
            148.281, 
            -10.831, 
            0.0
        ], 
        "24": [
            139.355, 
            -6.211, 
            0.0
        ], 
        "25": [
            146.156, 
            -4.16, 
            0.0
        ], 
        "26": [
            150.006, 
            -10.577, 
            0.0
        ], 
        "27": [
            147.735, 
            -12.699, 
            0.0
        ], 
        "28": [
            141.319, 
            -10.132, 
            0.0
        ], 
        "29": [
            134.063, 
            -9.491, 
            0.0
        ], 
        "30": [
            124.537, 
            -2.63, 
            0.0
        ], 
        "31": [
            134.803, 
            -5.098, 
            0.0
        ], 
        "32": [
            129.67, 
            0.52900000000000003, 
            0.0
        ], 
        "33": [
            136.926, 
            -0.70499999999999996, 
            0.0
        ], 
        "34": [
            142.256, 
            -5.345, 
            0.0
        ], 
        "35": [
            132.286, 
            4.478, 
            0.0
        ], 
        "36": [
            127.696, 
            4.428, 
            0.0
        ], 
        "37": [
            118.268, 
            -0.014, 
            0.0
        ], 
        "38": [
            107.848, 
            -1.264, 
            0.0
        ], 
        "39": [
            102.567, 
            6.238, 
            0.0
        ], 
        "40": [
            107.476, 
            6.038, 
            0.0
        ], 
        "41": [
            112.906, 
            4.607, 
            0.0
        ], 
        "42": [
            114.732, 
            7.223, 
            0.0
        ], 
        "43": [
            110.043, 
            2.781, 
            0.0
        ], 
        "44": [
            110.684, 
            8.555, 
            0.0
        ], 
        "45": [
            98.52, 
            8.065, 
            0.0
        ], 
        "46": [
            94.225, 
            6.436, 
            0.0
        ], 
        "47": [
            166.133, 
            -1.801, 
            0.0
        ], 
        "48": [
            220.189, 
            6.436, 
            0.0
        ], 
        "49": [
            228.616, 
            -0.88900000000000001, 
            0.0
        ], 
        "50": [
            217.113, 
            5.226, 
            0.0
        ], 
        "51": [
            219.69, 
            10.683, 
            0.0
        ], 
        "52": [
            215.895, 
            8.065, 
            0.0
        ], 
        "53": [
            210.764, 
            8.6, 
            0.0
        ], 
        "54": [
            203.73, 
            8.555, 
            0.0
        ], 
        "55": [
            201.838, 
            11.358, 
            0.0
        ], 
        "56": [
            201.838, 
            5.814, 
            0.0
        ], 
        "57": [
            204.372, 
            2.781, 
            0.0
        ], 
        "58": [
            192.912, 
            3.027, 
            0.0
        ], 
        "59": [
            205.578, 
            1.629, 
            0.0
        ], 
        "60": [
            207.615, 
            4.368, 
            0.0
        ], 
        "61": [
            199.683, 
            7.223, 
            0.0
        ], 
        "62": [
            201.509, 
            4.607, 
            0.0
        ], 
        "63": [
            206.938, 
            6.038, 
            0.0
        ], 
        "64": [
            211.847, 
            6.238, 
            0.0
        ], 
        "65": [
            216.092, 
            3.474, 
            0.0
        ], 
        "66": [
            210.12, 
            2.043, 
            0.0
        ], 
        "67": [
            206.566, 
            -1.264, 
            0.0
        ], 
        "68": [
            192.912, 
            -4.907, 
            0.0
        ], 
        "69": [
            196.146, 
            -0.014, 
            0.0
        ], 
        "70": [
            186.719, 
            4.428, 
            0.0
        ], 
        "71": [
            183.986, 
            8.083, 
            0.0
        ], 
        "72": [
            183.986, 
            2.349, 
            0.0
        ], 
        "73": [
            182.128, 
            4.478, 
            0.0
        ], 
        "74": [
            175.059, 
            1.671, 
            0.0
        ], 
        "75": [
            172.158, 
            -5.345, 
            0.0
        ], 
        "76": [
            166.133, 
            -10.831, 
            0.0
        ], 
        "77": [
            175.059, 
            -6.211, 
            0.0
        ], 
        "78": [
            177.489, 
            -0.70499999999999996, 
            0.0
        ], 
        "79": [
            184.744, 
            0.52900000000000003, 
            0.0
        ], 
        "80": [
            179.611, 
            -5.098, 
            0.0
        ], 
        "81": [
            180.246, 
            -6.332, 
            0.0
        ], 
        "82": [
            189.878, 
            -2.63, 
            0.0
        ], 
        "83": [
            180.351, 
            -9.491, 
            0.0
        ], 
        "84": [
            173.096, 
            -10.132, 
            0.0
        ], 
        "85": [
            166.679, 
            -12.699, 
            0.0
        ], 
        "86": [
            164.409, 
            -10.577, 
            0.0
        ], 
        "87": [
            168.259, 
            -4.16, 
            0.0
        ], 
        "88": [
            166.133, 
            15.639, 
            0.0
        ], 
        "89": [
            183.986, 
            15.639, 
            0.0
        ], 
        "90": [
            219.69, 
            15.639, 
            0.0
        ], 
        "91": [
            201.838, 
            15.639, 
            0.0
        ], 
        "92": [
            210.764, 
            15.639, 
            0.0
        ], 
        "93": [
            175.059, 
            15.639, 
            0.0
        ], 
        "94": [
            192.912, 
            15.639, 
            0.0
        ], 
        "95": [
            228.616, 
            15.639, 
            0.0
        ], 
        "96": [
            85.798, 
            15.639, 
            0.0
        ], 
        "97": [
            85.798, 
            -12.642, 
            0.0
        ], 
        "98": [
            104.713, 
            1.318, 
            0.0
        ], 
        "99": [
            98.568, 
            2.05, 
            0.0
        ], 
        "100": [
            157.195, 
            1.761, 
            0.0
        ], 
        "101": [
            157.195, 
            29.517, 
            0.0
        ], 
        "102": [
            148.281, 
            33.079, 
            0.0
        ], 
        "103": [
            166.133, 
            33.079, 
            0.0
        ], 
        "104": [
            98.568, 
            29.228, 
            0.0
        ], 
        "105": [
            85.798, 
            43.92, 
            0.0
        ], 
        "106": [
            106.799, 
            26.911, 
            0.0
        ], 
        "107": [
            97.301, 
            26.053, 
            0.0
        ], 
        "108": [
            104.713, 
            29.96, 
            0.0
        ], 
        "109": [
            108.837, 
            29.649, 
            0.0
        ], 
        "110": [
            192.912, 
            28.251, 
            0.0
        ], 
        "111": [
            175.059, 
            29.607, 
            0.0
        ], 
        "112": [
            210.764, 
            22.678, 
            0.0
        ], 
        "113": [
            201.838, 
            19.92, 
            0.0
        ], 
        "114": [
            219.69, 
            20.596, 
            0.0
        ], 
        "115": [
            183.986, 
            23.195, 
            0.0
        ], 
        "116": [
            130.429, 
            23.195, 
            0.0
        ], 
        "117": [
            94.724, 
            20.596, 
            0.0
        ], 
        "118": [
            112.576, 
            19.92, 
            0.0
        ], 
        "119": [
            103.65, 
            22.678, 
            0.0
        ], 
        "120": [
            139.355, 
            29.607, 
            0.0
        ], 
        "121": [
            121.502, 
            28.251, 
            0.0
        ], 
        "122": [
            94.225, 
            24.842, 
            0.0
        ], 
        "123": [
            107.848, 
            32.542, 
            0.0
        ], 
        "124": [
            121.502, 
            36.185, 
            0.0
        ], 
        "125": [
            157.207, 
            54.611, 
            0.0
        ], 
        "126": [
            207.615, 
            26.911, 
            0.0
        ], 
        "127": [
            217.113, 
            26.053, 
            0.0
        ], 
        "128": [
            228.616, 
            32.168, 
            0.0
        ], 
        "129": [
            192.912, 
            36.185, 
            0.0
        ], 
        "130": [
            180.246, 
            37.61, 
            0.0
        ], 
        "131": [
            205.578, 
            29.649, 
            0.0
        ], 
        "132": [
            201.838, 
            25.465, 
            0.0
        ], 
        "133": [
            183.986, 
            28.929, 
            0.0
        ], 
        "134": [
            166.133, 
            42.109, 
            0.0
        ], 
        "135": [
            175.059, 
            37.49, 
            0.0
        ], 
        "136": [
            168.259, 
            35.438, 
            0.0
        ], 
        "137": [
            164.409, 
            41.855, 
            0.0
        ], 
        "138": [
            166.679, 
            43.977, 
            0.0
        ], 
        "139": [
            173.096, 
            41.411, 
            0.0
        ], 
        "140": [
            180.351, 
            40.769, 
            0.0
        ], 
        "141": [
            189.878, 
            33.908, 
            0.0
        ], 
        "142": [
            179.611, 
            36.376, 
            0.0
        ], 
        "143": [
            184.744, 
            30.749, 
            0.0
        ], 
        "144": [
            177.489, 
            31.983, 
            0.0
        ], 
        "145": [
            172.158, 
            36.623, 
            0.0
        ], 
        "146": [
            182.128, 
            26.801, 
            0.0
        ], 
        "147": [
            186.719, 
            26.85, 
            0.0
        ], 
        "148": [
            196.146, 
            31.292, 
            0.0
        ], 
        "149": [
            206.566, 
            32.542, 
            0.0
        ], 
        "150": [
            210.12, 
            29.235, 
            0.0
        ], 
        "151": [
            216.092, 
            27.804, 
            0.0
        ], 
        "152": [
            211.847, 
            25.04, 
            0.0
        ], 
        "153": [
            206.938, 
            25.24, 
            0.0
        ], 
        "154": [
            201.509, 
            26.672, 
            0.0
        ], 
        "155": [
            199.683, 
            24.056, 
            0.0
        ], 
        "156": [
            204.372, 
            28.498, 
            0.0
        ], 
        "157": [
            203.73, 
            22.723, 
            0.0
        ], 
        "158": [
            215.895, 
            23.214, 
            0.0
        ], 
        "159": [
            220.189, 
            24.842, 
            0.0
        ], 
        "160": [
            98.52, 
            23.214, 
            0.0
        ], 
        "161": [
            110.684, 
            22.723, 
            0.0
        ], 
        "162": [
            112.576, 
            25.465, 
            0.0
        ], 
        "163": [
            110.043, 
            28.498, 
            0.0
        ], 
        "164": [
            114.732, 
            24.056, 
            0.0
        ], 
        "165": [
            112.906, 
            26.672, 
            0.0
        ], 
        "166": [
            107.476, 
            25.24, 
            0.0
        ], 
        "167": [
            102.567, 
            25.04, 
            0.0
        ], 
        "168": [
            118.268, 
            31.292, 
            0.0
        ], 
        "169": [
            127.696, 
            26.85, 
            0.0
        ], 
        "170": [
            130.429, 
            28.929, 
            0.0
        ], 
        "171": [
            132.286, 
            26.801, 
            0.0
        ], 
        "172": [
            142.256, 
            36.623, 
            0.0
        ], 
        "173": [
            148.281, 
            42.109, 
            0.0
        ], 
        "174": [
            139.355, 
            37.49, 
            0.0
        ], 
        "175": [
            136.926, 
            31.983, 
            0.0
        ], 
        "176": [
            129.67, 
            30.749, 
            0.0
        ], 
        "177": [
            134.803, 
            36.376, 
            0.0
        ], 
        "178": [
            134.168, 
            37.61, 
            0.0
        ], 
        "179": [
            124.537, 
            33.908, 
            0.0
        ], 
        "180": [
            134.063, 
            40.769, 
            0.0
        ], 
        "181": [
            141.319, 
            41.411, 
            0.0
        ], 
        "182": [
            147.735, 
            43.977, 
            0.0
        ], 
        "183": [
            150.006, 
            41.855, 
            0.0
        ], 
        "184": [
            146.156, 
            35.438, 
            0.0
        ]
    }
}