{
    "edges": {
        "0": [
            0, 
            1
        ], 
        "1": [
            0, 
            2
        ], 
        "2": [
            1, 
            3
        ], 
        "3": [
            3, 
            4
        ], 
        "4": [
            2, 
            5
        ], 
        "5": [
            4, 
            5
        ], 
        "6": [
            3, 
            6
        ], 
        "7": [
            6, 
            7
        ], 
        "8": [
            4, 
            8
        ], 
        "9": [
            7, 
            8
        ], 
        "10": [
            5, 
            9
        ], 
        "11": [
            7, 
            9
        ], 
        "12": [
            7, 
            10
        ], 
        "13": [
            1, 
            10
        ], 
        "14": [
            6, 
            10
        ], 
        "15": [
            6, 
            8
        ], 
        "16": [
            8, 
            9
        ], 
        "17": [
            9, 
            11
        ], 
        "18": [
            7, 
            11
        ], 
        "19": [
            10, 
            11
        ], 
        "20": [
            2, 
            11
        ]
    }, 
    "vertices": {
        "0": [
            1569.705, 
            -1916.578, 
            0.0
        ], 
        "1": [
            1569.22, 
            -1943.399, 
            0.0
        ], 
        "2": [
            1700.272, 
            -1815.793, 
            0.0
        ], 
        "3": [
            1616.386, 
            -2008.115, 
            0.0
        ], 
        "4": [
            1717.014, 
            -1967.307, 
            -0.0
        ], 
        "5": [
            1723.001, 
            -1926.522, 
            0.0
        ], 
        "6": [
            1648.473, 
            -1963.483, 
            0.0
        ], 
        "7": [
            1664.516, 
            -1941.168, 
            0.0
        ], 
        "8": [
            1682.016, 
            -1949.881, 
            -0.0
        ], 
        "9": [
            1684.011, 
            -1936.286, 
            0.0
        ], 
        "10": [
            1632.751, 
            -1941.912, 
            0.0
        ], 
        "11": [
            1693.121, 
            -1840.868, 
            0.0
        ]
    }
}