{
    "edges": {
        "0": [
            0, 
            1
        ], 
        "1": [
            0, 
            2
        ], 
        "2": [
            0, 
            3
        ], 
        "3": [
            1, 
            2
        ], 
        "4": [
            1, 
            3
        ], 
        "5": [
            2, 
            3
        ]
    }, 
    "vertices": {
        "0": [
            0.0, 
            0.0, 
            0.0
        ], 
        "1": [
            -2.0, 
            1.0, 
            0.0
        ], 
        "2": [
            2.0, 
            1.0, 
            0.0
        ], 
        "3": [
            0.0, 
            -2.0, 
            0.0
        ]
    }
}