[107 392],[107 392],[106 392],[107 393],[107 393]
[107. 393.],[107. 393.],[107. 394.],[107. 395.],[108. 396.],[108. 397.],[108. 398.],[108. 399.],[108. 400.],[109. 401.],[109. 402.],[109. 403.],[109. 404.],[109. 405.],[109. 406.],[109. 407.],[108. 408.],[108. 409.],[108. 410.],[108. 411.],[108. 412.],[108. 413.],[108. 414.],[108. 415.],[108. 416.],[108. 417.],[108. 418.],[108. 419.],[108. 420.],[107. 421.],[107. 422.],[107. 423.],[107. 424.],[107. 425.],[107. 426.],[107. 427.],[108. 428.],[109. 429.],[110. 430.],[111. 431.],[112. 432.],[113. 433.],[114. 433.],[114. 433.]
[108 392],[108 392],[109 392],[110 392],[111 392],[112 392],[113 392],[114 393],[115 393],[116 393],[117 394],[118 395],[119 395],[120 395],[121 395],[122 395],[123 395],[124 395],[125 395],[126 395],[127 395],[128 395],[129 395],[130 395],[131 395],[132 395],[133 395],[134 395],[135 396],[136 396],[137 396],[138 396],[139 396],[140 397],[141 398],[142 399],[143 400],[144 401],[144 402],[144 403],[145 404],[146 405],[146 406],[147 407],[148 408],[148 409],[149 410],[150 411],[151 411],[152 411],[153 411],[154 411],[155 411],[156 410],[157 409],[156 408],[155 407],[155 406],[156 405],[157 405],[158 405],[159 405],[160 405],[161 405],[162 405],[163 405],[164 405],[165 406],[166 406],[167 406],[168 406],[169 406],[170 406],[171 406],[172 406],[173 406],[174 406],[175 406],[176 405],[177 405],[178 405],[179 405],[180 405],[181 405],[182 404],[183 404],[184 404],[185 404],[186 404],[186 404]
[109. 439.],[109. 439.],[110. 439.],[111. 438.],[112. 438.],[113. 437.],[114. 436.],[115. 435.],[116. 435.],[117. 434.],[118. 434.],[119. 433.],[120. 432.],[121. 431.],[121. 430.],[122. 429.],[123. 429.],[124. 428.],[125. 428.],[126. 428.],[127. 427.],[127. 426.],[128. 425.],[128. 425.]
[109. 441.],[109. 441.],[110. 441.],[111. 441.],[112. 441.],[113. 442.],[114. 442.],[115. 443.],[115. 444.],[115. 445.],[114. 446.],[113. 447.],[112. 448.],[111. 449.],[111. 450.],[111. 451.],[110. 452.],[110. 453.],[110. 454.],[109. 455.],[109. 456.],[109. 457.],[109. 458.],[110. 459.],[111. 460.],[112. 461.],[113. 462.],[114. 462.],[115. 463.],[116. 463.],[117. 463.],[118. 463.],[119. 463.],[120. 464.],[121. 464.],[122. 464.],[123. 464.],[124. 464.],[125. 464.],[126. 464.],[127. 464.],[128. 465.],[129. 466.],[130. 467.],[131. 468.],[132. 469.],[133. 470.],[133. 471.],[133. 472.],[133. 473.],[133. 474.],[133. 475.],[133. 476.],[133. 477.],[133. 478.],[133. 479.],[133. 480.],[133. 481.],[133. 482.],[133. 483.],[133. 484.],[133. 485.],[133. 486.],[133. 487.],[133. 488.],[133. 489.],[133. 490.],[133. 491.],[133. 492.],[133. 493.],[133. 494.],[133. 495.],[133. 496.],[133. 497.],[134. 498.],[135. 499.],[136. 499.],[137. 500.],[138. 500.],[139. 501.],[140. 501.],[141. 502.],[142. 502.],[143. 502.],[144. 502.],[145. 502.],[146. 503.],[147. 503.],[148. 503.],[149. 503.],[150. 503.],[151. 503.],[152. 504.],[153. 504.],[154. 505.],[155. 506.],[156. 507.],[157. 508.],[158. 509.],[159. 509.],[160. 508.],[161. 508.],[162. 507.],[163. 506.],[164. 505.],[164. 504.],[165. 503.],[165. 502.],[166. 501.],[167. 500.],[167. 500.]
[128 424],[128 424],[127 424],[128 425],[128 425]
[129. 424.],[129. 424.],[130. 424.],[131. 424.],[132. 424.],[133. 423.],[134. 423.],[135. 423.],[135. 423.]
[135. 423.],[135. 423.],[136. 422.],[137. 421.],[138. 420.],[139. 419.],[140. 418.],[141. 418.],[142. 417.],[143. 416.],[142. 415.],[143. 414.],[144. 413.],[145. 413.],[146. 414.],[147. 414.],[148. 413.],[148. 412.],[148. 412.]
[135. 423.],[135. 423.],[136. 424.],[137. 425.],[138. 426.],[139. 426.],[140. 427.],[141. 427.],[142. 428.],[143. 429.],[144. 430.],[144. 431.],[144. 432.],[144. 433.],[145. 434.],[145. 435.],[146. 436.],[147. 437.],[147. 438.],[148. 439.],[148. 440.],[148. 441.],[148. 442.],[149. 443.],[149. 444.],[149. 445.],[148. 446.],[147. 446.],[146. 447.],[146. 448.],[146. 449.],[146. 450.],[146. 451.],[146. 452.],[147. 453.],[147. 454.],[148. 455.],[149. 456.],[149. 457.],[149. 458.],[150. 459.],[151. 460.],[152. 461.],[153. 461.],[154. 461.],[155. 461.],[156. 461.],[157. 461.],[158. 461.],[159. 461.],[160. 462.],[161. 462.],[162. 463.],[163. 464.],[164. 465.],[165. 466.],[165. 467.],[166. 468.],[166. 469.],[167. 470.],[166. 471.],[166. 472.],[166. 473.],[166. 474.],[167. 475.],[168. 476.],[169. 477.],[170. 477.],[171. 477.],[172. 477.],[173. 477.],[174. 477.],[175. 476.],[176. 477.],[176. 478.],[175. 479.],[174. 480.],[173. 481.],[173. 482.],[172. 483.],[171. 484.],[171. 485.],[171. 486.],[171. 487.],[171. 488.],[171. 489.],[171. 490.],[172. 491.],[172. 492.],[172. 493.],[173. 494.],[173. 495.],[172. 496.],[171. 496.],[170. 496.],[169. 496.],[168. 496.],[167. 497.],[167. 498.],[167. 499.],[167. 499.]
[155. 511.],[155. 511.],[154. 511.],[153. 511.],[152. 511.],[151. 511.],[150. 512.],[150. 513.],[150. 514.],[150. 515.],[149. 516.],[149. 517.],[149. 518.],[149. 519.],[148. 520.],[147. 520.],[146. 521.],[145. 522.],[145. 523.],[146. 524.],[147. 524.],[148. 524.],[149. 524.],[150. 525.],[151. 526.],[152. 527.],[152. 528.],[152. 529.],[152. 530.],[153. 531.],[153. 532.],[153. 533.],[153. 534.],[154. 535.],[154. 536.],[155. 537.],[155. 538.],[156. 539.],[156. 540.],[157. 541.],[158. 542.],[159. 543.],[160. 543.],[161. 543.],[162. 543.],[163. 543.],[164. 543.],[165. 544.],[166. 544.],[167. 545.],[168. 545.],[169. 545.],[170. 545.],[171. 545.],[172. 546.],[173. 546.],[174. 546.],[175. 546.],[176. 546.],[177. 547.],[177. 547.]
[168 500],[168 500],[169 500],[170 501],[171 501],[172 501],[173 501],[174 501],[175 501],[176 502],[177 502],[178 503],[179 504],[180 505],[181 505],[182 506],[183 506],[184 507],[185 507],[186 507],[187 508],[188 509],[189 509],[188 509]
[177. 547.],[177. 547.],[177. 548.],[177. 549.],[176. 550.],[176. 551.],[176. 552.],[176. 553.],[176. 554.],[176. 555.],[176. 556.],[176. 557.],[175. 558.],[175. 559.],[175. 560.],[175. 561.],[175. 562.],[175. 563.],[175. 564.],[175. 565.],[175. 566.],[175. 567.],[175. 568.],[175. 569.],[175. 570.],[174. 571.],[173. 572.],[172. 573.],[171. 573.],[170. 574.],[170. 575.],[170. 576.],[170. 577.],[170. 578.],[171. 579.],[171. 580.],[171. 581.],[172. 582.],[173. 583.],[173. 584.],[173. 585.],[173. 586.],[173. 587.],[173. 588.],[172. 589.],[172. 590.],[172. 591.],[172. 592.],[172. 593.],[172. 594.],[172. 595.],[172. 596.],[172. 597.],[172. 598.],[172. 599.],[172. 600.],[172. 601.],[172. 602.],[173. 603.],[173. 604.],[173. 605.],[173. 606.],[173. 607.],[173. 608.],[173. 609.],[174. 610.],[174. 611.],[174. 612.],[175. 613.],[175. 614.],[176. 615.],[177. 616.],[178. 617.],[179. 618.],[180. 619.],[181. 620.],[182. 621.],[183. 622.],[184. 622.],[185. 623.],[186. 623.],[187. 623.],[188. 623.],[189. 622.],[190. 621.],[191. 621.],[192. 621.],[193. 621.],[194. 622.],[195. 623.],[195. 624.],[196. 625.],[196. 626.],[197. 627.],[198. 628.],[199. 628.],[200. 628.],[201. 629.],[202. 629.],[203. 629.],[204. 629.],[205. 628.],[206. 627.],[207. 626.],[208. 626.],[209. 626.],[210. 626.],[211. 626.],[212. 626.],[213. 626.],[214. 626.],[215. 627.],[216. 628.],[217. 629.],[218. 630.],[218. 631.],[219. 632.],[220. 633.],[220. 634.],[221. 635.],[222. 636.],[223. 637.],[224. 638.],[225. 639.],[226. 640.],[227. 641.],[228. 642.],[229. 642.],[230. 643.],[231. 644.],[232. 645.],[233. 645.],[234. 646.],[235. 647.],[236. 647.],[237. 648.],[238. 649.],[239. 649.],[240. 650.],[241. 650.],[242. 650.],[243. 651.],[244. 652.],[245. 652.],[246. 653.],[247. 654.],[248. 655.],[249. 656.],[250. 657.],[251. 658.],[252. 659.],[252. 660.],[253. 661.],[254. 662.],[255. 663.],[256. 664.],[257. 665.],[258. 666.],[259. 667.],[260. 668.],[261. 669.],[262. 670.],[263. 671.],[263. 672.],[263. 673.],[264. 674.],[264. 675.],[264. 676.],[264. 677.],[265. 678.],[266. 679.],[267. 679.],[268. 680.],[269. 680.],[270. 680.],[271. 681.],[272. 682.],[273. 683.],[274. 684.],[275. 685.],[276. 686.],[276. 687.],[277. 688.],[278. 689.],[279. 690.],[280. 691.],[281. 691.],[282. 690.],[283. 689.],[284. 689.],[285. 689.],[286. 689.],[287. 688.],[288. 688.],[289. 688.],[290. 688.],[291. 687.],[292. 687.],[293. 687.],[294. 686.],[295. 685.],[295. 684.],[296. 683.],[297. 683.],[298. 683.],[297. 683.]
[177. 547.],[177. 547.],[178. 546.],[179. 546.],[180. 545.],[181. 545.],[182. 544.],[183. 544.],[184. 543.],[185. 542.],[186. 541.],[186. 541.]
[187 403],[187 404],[187 403],[188 402],[189 401],[190 400],[191 399],[192 399],[193 399],[194 399],[195 399],[196 398],[197 398],[198 398],[199 398],[200 398],[201 398],[202 397],[203 397],[204 397],[205 397],[206 396],[207 396],[208 396],[209 396],[210 396],[211 395],[212 395],[213 395],[214 395],[215 395],[216 394],[217 394],[218 394],[219 394],[220 394],[221 393],[222 393],[223 393],[224 392],[225 392],[226 392],[227 392],[228 392],[229 392],[230 392],[231 392],[232 392],[233 392],[234 391],[235 391],[236 391],[237 390],[238 390],[239 390],[240 390],[241 390],[242 390],[243 390],[244 390],[245 390],[246 390],[247 390],[248 389],[249 389],[250 389],[251 388],[252 388],[253 388],[254 387],[255 387],[256 386],[257 386],[258 386],[259 385],[260 385],[261 385],[262 385],[263 384],[264 384],[265 384],[266 384],[267 384],[268 384],[269 383],[270 383],[271 383],[272 382],[273 382],[274 381],[275 381],[276 381],[277 380],[278 380],[279 380],[280 379],[281 378],[282 378],[283 377],[284 376],[285 375],[285 374],[286 373],[287 372],[288 372],[289 372],[290 372],[291 372],[292 372],[293 371],[294 371],[295 370],[295 369],[296 368],[296 367],[297 366],[298 366],[299 365],[300 365],[301 365],[302 365],[303 365],[304 365],[305 365],[306 365],[307 365],[308 365],[309 365],[310 365],[311 365],[312 365],[313 365],[314 365],[315 365],[316 366],[317 367],[318 368],[318 369],[318 370],[317 371],[316 372],[315 372],[314 373],[313 374],[312 375],[312 376],[311 377],[311 378],[310 379],[310 380],[310 381],[310 382],[310 383],[310 384],[311 385],[312 386],[313 387],[314 387],[315 387],[316 387],[317 388],[318 388],[319 388],[320 388],[319 388]
[187 404],[187 405],[187 405],[187 406],[187 407],[187 408],[187 409],[187 410],[186 411],[185 412],[184 412],[183 412],[182 413],[181 413],[180 414],[179 415],[179 416],[179 417],[178 418],[178 419],[179 420],[180 421],[181 421],[182 421],[183 422],[184 422],[185 422],[186 422],[187 422],[188 423],[189 424],[189 425],[189 426],[188 427],[187 428],[186 429],[185 429],[184 430],[183 430],[182 431],[182 432],[182 433],[182 434],[182 435],[182 436],[182 437],[182 438],[182 439],[182 440],[182 441],[182 442],[182 443],[182 444],[182 445],[181 446],[181 447],[181 448],[181 449],[182 450],[182 451],[182 452],[182 453],[182 454],[182 455],[182 456],[182 457],[183 458],[183 459],[184 460],[184 461],[185 462],[185 463],[186 464],[186 465],[186 466],[186 467],[186 468],[187 469],[188 470],[189 471],[190 472],[191 472],[192 473],[193 474],[194 474],[195 475],[196 476],[197 476],[198 476],[199 476],[200 475],[201 475],[202 475],[203 476],[204 476],[205 477],[206 477],[207 476],[207 475],[208 474],[208 473],[209 472],[210 472],[210 472]
[189 510],[189 510],[189 511],[189 512],[189 513],[189 514],[189 515],[189 516],[189 517],[189 518],[189 519],[189 520],[189 521],[189 522],[189 523],[189 524],[189 525],[189 526],[189 527],[189 528],[189 529],[189 530],[189 531],[189 532],[189 533],[189 534],[189 535],[189 536],[189 537],[189 538],[189 539],[190 540],[191 541],[192 541],[193 542],[194 542],[195 542],[196 543],[197 543],[198 543],[199 544],[200 544],[201 544],[202 544],[203 545],[204 545],[205 545],[206 546],[207 546],[208 546],[209 547],[210 548],[211 549],[211 550],[212 551],[212 552],[212 553],[212 554],[212 555],[212 556],[212 557],[213 558],[213 559],[213 560],[213 561],[213 562],[214 563],[214 564],[214 565],[214 566],[214 567],[214 568],[215 569],[215 570],[215 571],[215 572],[215 573],[215 574],[215 575],[215 576],[214 577],[213 578],[213 579],[212 580],[211 581],[210 582],[210 583],[210 584],[210 585],[210 586],[210 587],[211 588],[211 589],[211 590],[211 591],[212 592],[212 593],[212 594],[212 595],[213 596],[213 597],[213 598],[213 599],[214 600],[214 601],[214 602],[215 603],[215 604],[215 605],[215 606],[216 607],[216 608],[216 609],[216 610],[217 611],[217 612],[218 613],[219 614],[220 614],[221 614],[222 614],[223 614],[224 614],[225 614],[226 614],[227 614],[228 613],[229 613],[230 613],[231 613],[232 613],[233 613],[234 612],[235 612],[236 612],[237 612],[238 612],[239 612],[240 612],[241 611],[242 611],[243 611],[244 611],[245 611],[246 611],[247 611],[248 611],[249 611],[250 611],[251 611],[252 612],[253 613],[253 614],[253 615],[253 616],[253 617],[254 618],[254 619],[254 620],[254 621],[254 622],[254 623],[254 624],[255 625],[255 626],[256 627],[256 628],[256 629],[256 630],[256 631],[257 632],[257 633],[257 634],[257 635],[257 636],[258 637],[258 638],[258 639],[258 640],[258 641],[258 642],[258 643],[258 644],[258 645],[258 646],[259 647],[260 648],[261 648],[262 648],[263 648],[264 648],[265 648],[266 647],[267 647],[268 647],[269 647],[270 647],[271 647],[272 647],[273 647],[274 647],[275 647],[276 647],[277 647],[278 648],[279 648],[280 648],[281 648],[282 647],[283 647],[284 647],[285 647],[286 646],[287 646],[288 646],[289 646],[290 646],[291 645],[292 645],[293 644],[294 643],[294 643]
[189 509],[190 509],[190 509],[191 509],[192 508],[193 508],[194 507],[195 507],[196 507],[197 506],[198 506],[199 506],[200 505],[201 505],[202 504],[203 504],[204 504],[205 503],[206 503],[207 502],[208 502],[209 502],[210 501],[211 501],[212 500],[212 499],[212 498],[212 497],[212 496],[212 495],[212 494],[212 493],[212 492],[212 491],[212 490],[212 489],[212 488],[212 487],[212 486],[212 485],[212 484],[212 483],[212 482],[212 481],[212 480],[212 479],[212 478],[212 477],[212 476],[211 475],[211 474],[211 473],[211 473]
[211. 472.],[211. 472.],[212. 471.],[213. 471.],[214. 471.],[215. 471.],[216. 471.],[217. 470.],[218. 470.],[219. 470.],[220. 470.],[221. 470.],[222. 470.],[223. 469.],[224. 468.],[224. 467.],[225. 466.],[225. 465.],[225. 464.],[225. 463.],[225. 462.],[225. 461.],[225. 460.],[225. 459.],[225. 458.],[225. 457.],[225. 456.],[225. 455.],[225. 454.],[225. 453.],[225. 452.],[225. 451.],[225. 450.],[225. 449.],[225. 448.],[225. 447.],[224. 446.],[224. 445.],[224. 444.],[224. 443.],[224. 442.],[224. 441.],[224. 440.],[224. 439.],[224. 438.],[224. 437.],[224. 436.],[225. 435.],[225. 434.],[225. 433.],[225. 432.],[225. 431.],[225. 430.],[225. 429.],[225. 428.],[225. 427.],[225. 426.],[225. 425.],[225. 424.],[224. 423.],[224. 422.],[224. 421.],[224. 420.],[224. 419.],[224. 418.],[223. 417.],[223. 416.],[223. 415.],[223. 414.],[223. 413.],[223. 412.],[222. 411.],[222. 410.],[222. 409.],[222. 408.],[222. 407.],[221. 406.],[221. 405.],[221. 404.],[221. 403.],[221. 402.],[221. 401.],[220. 400.],[220. 399.],[220. 398.],[220. 397.],[220. 397.]
[282. 383.],[282. 383.],[282. 384.],[282. 385.],[283. 386.],[284. 387.],[285. 388.],[286. 389.],[287. 390.],[288. 391.],[289. 392.],[290. 393.],[291. 393.],[292. 394.],[293. 394.],[294. 395.],[295. 395.],[296. 395.],[297. 395.],[298. 394.],[299. 394.],[300. 394.],[301. 393.],[302. 393.],[303. 393.],[304. 392.],[305. 392.],[306. 391.],[307. 391.],[308. 391.],[309. 391.],[310. 391.],[311. 391.],[312. 392.],[313. 392.],[314. 392.],[315. 392.],[316. 392.],[317. 391.],[318. 391.],[318. 391.]
[294 642],[294 642],[293 641],[292 640],[292 639],[292 638],[291 637],[291 636],[291 635],[291 634],[290 633],[290 632],[290 631],[290 630],[290 629],[289 628],[289 627],[288 626],[288 625],[287 624],[286 623],[286 622],[286 621],[287 620],[288 620],[289 620],[290 619],[291 618],[292 617],[292 616],[292 615],[291 614],[290 613],[290 612],[290 611],[290 610],[290 609],[290 608],[290 607],[290 606],[290 605],[290 604],[290 603],[290 602],[290 601],[290 600],[290 599],[290 598],[290 597],[290 596],[290 595],[290 594],[290 593],[290 592],[290 591],[290 590],[290 589],[290 588],[289 587],[289 586],[289 585],[288 584],[287 583],[286 582],[285 581],[284 580],[283 579],[282 578],[281 577],[280 577],[279 576],[278 575],[278 574],[278 573],[279 572],[280 571],[280 570],[280 569],[280 568],[280 567],[280 566],[280 565],[280 564],[280 563],[280 562],[280 561],[280 560],[280 559],[280 558],[281 557],[282 556],[282 555],[283 554],[283 553],[283 552],[283 551],[283 550],[283 549],[284 548],[284 547],[284 546],[284 545],[284 544],[284 543],[283 542],[282 541],[281 540],[280 540],[279 540],[278 539],[277 539],[276 539],[275 539],[274 538],[273 538],[272 538],[271 537],[270 537],[269 537],[268 537],[267 537],[266 536],[265 535],[264 534],[263 533],[262 532],[262 531],[262 530],[261 529],[261 528],[261 527],[261 526],[261 525],[261 524],[261 523],[261 522],[261 521],[261 520],[261 519],[261 518],[261 517],[261 516],[260 515],[260 514],[260 513],[260 512],[260 511],[260 510],[260 509],[260 508],[260 507],[260 506],[259 505],[259 504],[259 503],[260 502],[261 501],[262 501],[263 500],[264 499],[265 498],[265 497],[266 496],[267 496],[268 497],[269 497],[270 498],[271 499],[272 499],[273 499],[274 499],[275 498],[276 498],[277 498],[278 497],[279 497],[280 497],[281 497],[282 496],[283 496],[284 496],[285 496],[286 495],[286 494],[287 493],[287 492],[287 491],[288 490],[288 489],[289 488],[289 487],[290 486],[290 485],[291 484],[291 483],[292 482],[292 481],[292 480],[293 479],[293 478],[293 477],[294 476],[294 475],[294 474],[295 473],[295 472],[295 471],[296 470],[296 469],[296 468],[296 467],[296 466],[296 465],[296 464],[297 463],[296 462],[296 461],[296 460],[296 459],[295 458],[294 457],[294 456],[293 455],[292 454],[291 453],[290 452],[289 452],[288 451],[287 450],[286 449],[285 448],[285 447],[285 446],[286 445],[287 444],[288 444],[289 443],[289 442],[289 441],[290 440],[290 439],[291 438],[292 437],[293 436],[293 435],[293 434],[293 433],[294 432],[294 431],[295 430],[296 429],[297 428],[298 427],[299 427],[300 427],[301 427],[302 427],[303 427],[304 427],[305 427],[306 428],[307 428],[308 428],[309 428],[310 428],[311 427],[312 427],[313 427],[314 426],[315 426],[316 426],[317 426],[318 426],[319 426],[320 426],[321 427],[322 427],[323 427],[324 427],[325 427],[326 427],[327 426],[328 426],[329 425],[329 424],[329 423],[328 422],[328 421],[327 420],[327 419],[326 418],[326 417],[326 416],[327 415],[327 414],[327 414]
[295 642],[295 642],[296 642],[297 642],[298 642],[299 643],[300 643],[299 643]
[298 682],[298 682],[298 681],[299 680],[300 679],[301 678],[302 677],[302 676],[302 675],[302 674],[301 673],[300 672],[300 671],[300 670],[300 669],[299 668],[299 667],[298 666],[297 666],[296 667],[297 668],[297 669],[297 670],[296 671],[295 671],[294 670],[293 669],[293 668],[292 667],[292 666],[291 665],[291 664],[290 663],[289 662],[289 661],[288 660],[287 659],[286 658],[286 657],[285 656],[285 655],[286 654],[287 654],[288 655],[289 655],[290 656],[291 657],[292 657],[293 657],[294 657],[295 657],[296 657],[297 656],[298 655],[299 654],[299 653],[299 652],[300 651],[300 650],[300 649],[300 648],[301 647],[302 647],[303 646],[304 645],[303 644],[302 643],[301 643],[301 643],[300 643]
[298 683],[299 683],[299 683],[300 682],[301 682],[302 681],[303 680],[304 679],[305 678],[305 677],[305 676],[305 675],[306 674],[307 673],[308 673],[309 672],[309 671],[310 670],[311 670],[312 671],[313 672],[314 673],[314 674],[313 675],[314 676],[315 677],[316 676],[317 675],[317 674],[317 673],[318 672],[318 671],[318 670],[319 669],[320 669],[321 670],[322 670],[323 671],[324 671],[325 670],[324 669],[323 668],[323 667],[322 666],[322 665],[323 664],[323 663],[322 662],[322 661],[322 660],[322 659],[322 658],[323 657],[324 656],[325 655],[326 654],[327 654],[328 654],[329 655],[330 656],[331 657],[331 658],[331 659],[331 660],[332 661],[333 661],[334 660],[335 659],[336 658],[335 657],[335 656],[334 655],[334 654],[334 653],[335 652],[336 652],[337 652],[338 653],[339 654],[339 655],[339 656],[340 657],[341 658],[342 659],[342 660],[343 661],[344 662],[345 663],[346 664],[347 665],[348 665],[349 664],[348 663],[348 662],[347 661],[346 660],[346 660],[346 659]
[320. 389.],[320. 389.],[320. 390.],[321. 391.],[322. 392.],[323. 392.],[324. 392.],[325. 392.],[326. 392.],[327. 392.],[328. 391.],[329. 391.],[330. 391.],[331. 391.],[332. 390.],[333. 390.],[334. 390.],[335. 389.],[336. 389.],[337. 389.],[338. 389.],[339. 388.],[340. 388.],[341. 388.],[342. 388.],[343. 388.],[344. 387.],[345. 387.],[346. 387.],[347. 386.],[348. 386.],[349. 386.],[350. 385.],[351. 385.],[352. 385.],[353. 384.],[354. 384.],[355. 384.],[356. 384.],[357. 384.],[358. 384.],[359. 384.],[360. 384.],[361. 384.],[362. 384.],[363. 384.],[364. 384.],[365. 383.],[366. 383.],[367. 383.],[368. 382.],[369. 382.],[370. 382.],[371. 382.],[372. 382.],[373. 382.],[374. 382.],[375. 381.],[376. 381.],[377. 381.],[378. 381.],[379. 381.],[380. 380.],[381. 380.],[382. 380.],[383. 380.],[384. 380.],[385. 380.],[386. 379.],[387. 379.],[388. 379.],[389. 379.],[390. 378.],[391. 378.],[392. 378.],[393. 377.],[394. 376.],[395. 376.],[396. 376.],[397. 375.],[398. 375.],[399. 374.],[400. 374.],[401. 374.],[402. 374.],[403. 374.],[404. 374.],[405. 373.],[406. 373.],[407. 373.],[408. 373.],[409. 373.],[410. 372.],[411. 372.],[412. 372.],[413. 372.],[414. 372.],[415. 372.],[416. 372.],[417. 372.],[418. 372.],[419. 372.],[420. 372.],[421. 372.],[422. 372.],[423. 372.],[424. 371.],[425. 370.],[426. 369.],[427. 369.],[428. 368.],[429. 368.],[430. 368.],[431. 367.],[432. 366.],[433. 365.],[433. 364.],[433. 363.],[434. 362.],[435. 362.],[436. 361.],[437. 361.],[438. 361.],[439. 360.],[440. 360.],[441. 360.],[442. 360.],[443. 360.],[444. 361.],[445. 361.],[446. 361.],[447. 361.],[448. 361.],[449. 360.],[450. 360.],[451. 359.],[452. 359.],[453. 359.],[454. 358.],[455. 358.],[456. 359.],[457. 360.],[456. 361.],[455. 362.],[454. 363.],[453. 363.],[452. 364.],[451. 364.],[450. 365.],[449. 365.],[448. 366.],[447. 367.],[446. 368.],[447. 369.],[448. 369.],[449. 369.],[450. 368.],[451. 368.],[452. 368.],[453. 368.],[454. 368.],[455. 367.],[456. 367.],[457. 367.],[458. 367.],[459. 367.],[460. 366.],[461. 366.],[462. 366.],[463. 365.],[464. 364.],[465. 364.],[466. 364.],[467. 365.],[467. 366.],[467. 367.],[467. 368.],[467. 369.],[468. 370.],[468. 371.],[468. 372.],[468. 373.],[468. 374.],[468. 375.],[467. 376.],[466. 377.],[465. 378.],[465. 379.],[464. 380.],[463. 381.],[463. 382.],[463. 383.],[462. 384.],[462. 385.],[462. 386.],[462. 387.],[463. 388.],[464. 388.],[465. 389.],[466. 389.],[466. 389.]
[320. 388.],[321. 388.],[321. 388.],[322. 388.],[323. 388.],[324. 389.],[324. 389.]
[326. 410.],[326. 410.],[325. 409.],[324. 408.],[323. 407.],[322. 407.],[321. 408.],[321. 409.],[322. 410.],[323. 411.],[324. 411.],[325. 412.],[326. 413.],[326. 413.]
[327. 413.],[327. 396.],[327. 397.],[326. 398.],[326. 399.],[327. 400.],[327. 401.],[327. 402.],[327. 403.],[327. 404.],[327. 405.],[328. 406.],[328. 407.],[328. 408.],[328. 409.],[328. 410.],[328. 411.],[328. 412.],[327. 413.],[327. 396.]
[345 659],[346 659],[345 659],[344 658],[343 657],[342 656],[342 655],[343 654],[344 655],[345 655],[346 656],[347 657],[347 657],[347 658]
[347 658],[348 658],[348 658],[349 659],[350 660],[351 660],[352 661],[353 662],[353 663],[353 664],[354 665],[354 666],[355 667],[356 668],[357 669],[358 669],[359 668],[358 667],[358 666],[357 665],[357 664],[356 663],[356 662],[356 661],[355 660],[355 659],[354 658],[354 657],[353 656],[353 655],[353 654],[353 653],[352 652],[352 651],[352 650],[352 649],[351 648],[351 647],[351 646],[352 645],[353 645],[354 645],[355 645],[356 646],[357 647],[358 647],[359 648],[360 648],[361 648],[362 648],[363 649],[364 648],[364 647],[363 646],[362 645],[361 645],[360 644],[359 643],[359 642],[358 641],[358 640],[359 639],[360 639],[361 640],[362 640],[363 641],[364 642],[365 643],[366 644],[367 645],[368 645],[369 646],[370 647],[371 648],[372 649],[373 650],[374 650],[375 651],[376 651],[377 650],[377 649],[376 648],[375 647],[374 647],[373 646],[372 645],[371 644],[370 643],[370 643]
[352. 603.],[352. 603.],[353. 603.],[354. 603.],[355. 602.],[355. 601.],[356. 600.],[357. 599.],[358. 599.],[359. 600.],[359. 601.],[358. 602.],[358. 603.],[358. 604.],[359. 605.],[360. 606.],[361. 606.],[362. 607.],[363. 606.],[364. 605.],[365. 605.],[366. 605.],[367. 606.],[367. 607.],[366. 608.],[366. 609.],[367. 610.],[368. 610.],[369. 609.],[370. 610.],[371. 611.],[371. 611.]
[353. 605.],[353. 605.],[354. 606.],[355. 607.],[355. 608.],[356. 609.],[357. 610.],[358. 610.],[359. 610.],[360. 610.],[361. 611.],[362. 611.],[363. 612.],[364. 612.],[364. 612.]
[362. 614.],[362. 614.],[361. 614.],[360. 614.],[359. 614.],[358. 614.],[357. 615.],[356. 615.],[355. 614.],[354. 613.],[353. 612.],[353. 611.],[353. 610.],[352. 609.],[352. 608.],[351. 607.],[350. 606.],[350. 605.],[350. 604.],[350. 603.],[350. 602.],[350. 601.],[350. 600.],[350. 599.],[350. 598.],[350. 597.],[350. 596.],[349. 595.],[349. 594.],[349. 593.],[349. 592.],[348. 591.],[348. 590.],[347. 589.],[346. 588.],[345. 587.],[344. 586.],[343. 585.],[342. 584.],[341. 583.],[340. 582.],[339. 581.],[339. 580.],[339. 579.],[338. 578.],[338. 577.],[338. 576.],[338. 575.],[339. 574.],[340. 574.],[341. 575.],[342. 576.],[343. 576.],[344. 575.],[344. 574.],[343. 573.],[343. 572.],[343. 571.],[343. 570.],[344. 569.],[345. 569.],[346. 570.],[347. 570.],[348. 571.],[349. 572.],[350. 571.],[350. 570.],[349. 569.],[348. 568.],[348. 567.],[347. 566.],[346. 565.],[346. 564.],[346. 563.],[347. 562.],[348. 563.],[349. 564.],[350. 565.],[351. 566.],[352. 567.],[353. 568.],[353. 569.],[353. 570.],[353. 571.],[353. 572.],[353. 573.],[353. 574.],[354. 575.],[355. 576.],[356. 577.],[357. 578.],[358. 579.],[359. 579.],[360. 579.],[361. 578.],[362. 578.],[363. 578.],[364. 578.],[365. 578.],[366. 578.],[367. 578.],[367. 578.]
[364. 618.],[364. 618.],[365. 618.],[366. 619.],[367. 618.],[367. 617.],[368. 616.],[369. 616.],[370. 615.],[371. 615.],[372. 615.],[373. 615.],[373. 615.]
[365. 621.],[365. 621.],[366. 622.],[367. 623.],[368. 624.],[369. 625.],[370. 626.],[370. 627.],[369. 628.],[368. 627.],[367. 627.],[366. 626.],[365. 625.],[364. 624.],[363. 623.],[362. 623.],[361. 622.],[360. 621.],[359. 621.],[358. 621.],[357. 622.],[357. 623.],[357. 624.],[357. 625.],[357. 626.],[357. 627.],[357. 628.],[358. 629.],[359. 630.],[359. 631.],[359. 632.],[359. 633.],[359. 634.],[360. 635.],[361. 636.],[362. 637.],[363. 637.],[364. 638.],[365. 639.],[366. 640.],[367. 640.],[368. 641.],[369. 642.],[369. 642.]
[367. 576.],[367. 576.],[366. 576.],[365. 575.],[365. 574.],[365. 573.],[366. 572.],[367. 572.],[368. 572.],[369. 573.],[370. 573.],[371. 574.],[372. 574.],[373. 574.],[374. 575.],[375. 576.],[376. 577.],[377. 578.],[378. 579.],[379. 580.],[380. 581.],[380. 582.],[381. 583.],[382. 584.],[383. 585.],[384. 584.],[385. 583.],[386. 582.],[387. 581.],[387. 580.],[386. 579.],[386. 578.],[385. 577.],[386. 576.],[387. 576.],[388. 576.],[389. 577.],[390. 578.],[391. 579.],[392. 579.],[392. 579.]
[370. 642.],[370. 642.],[371. 641.],[372. 641.],[373. 641.],[374. 641.],[375. 641.],[376. 642.],[377. 642.],[378. 642.],[379. 643.],[380. 643.],[381. 643.],[382. 644.],[383. 644.],[384. 644.],[385. 644.],[386. 644.],[387. 645.],[388. 646.],[389. 647.],[389. 648.],[389. 649.],[388. 650.],[387. 651.],[386. 651.],[385. 652.],[384. 653.],[385. 654.],[386. 655.],[387. 654.],[388. 654.],[389. 653.],[390. 652.],[391. 651.],[392. 650.],[392. 649.],[393. 648.],[394. 647.],[395. 647.],[396. 646.],[397. 645.],[398. 644.],[399. 643.],[399. 642.],[399. 641.],[399. 640.],[400. 639.],[401. 639.],[402. 638.],[403. 637.],[404. 636.],[404. 635.],[405. 634.],[405. 633.],[405. 632.],[406. 631.],[406. 630.],[407. 629.],[407. 628.],[408. 627.],[408. 626.],[409. 625.],[410. 624.],[411. 623.],[412. 622.],[413. 621.],[414. 620.],[414. 619.],[415. 618.],[415. 617.],[415. 616.],[416. 615.],[416. 614.],[416. 613.],[417. 612.],[418. 611.],[419. 610.],[420. 609.],[421. 609.],[422. 608.],[423. 607.],[424. 607.],[425. 606.],[426. 606.],[427. 605.],[428. 604.],[428. 603.],[428. 602.],[429. 601.],[429. 600.],[429. 599.],[429. 598.],[429. 597.],[429. 596.],[429. 595.],[429. 594.],[429. 593.],[430. 592.],[431. 592.],[432. 591.],[433. 591.],[434. 591.],[435. 591.],[436. 590.],[437. 589.],[438. 588.],[439. 587.],[439. 586.],[439. 585.],[438. 584.],[438. 583.],[438. 582.],[438. 581.],[438. 580.],[438. 579.],[438. 578.],[438. 577.],[438. 576.],[439. 575.],[439. 574.],[440. 573.],[441. 572.],[442. 572.],[443. 571.],[444. 570.],[445. 569.],[446. 568.],[446. 567.],[447. 566.],[448. 565.],[448. 564.],[449. 563.],[449. 562.],[450. 561.],[451. 560.],[451. 559.],[452. 558.],[453. 557.],[454. 556.],[454. 555.],[453. 554.],[452. 554.],[451. 555.],[450. 556.],[449. 557.],[449. 558.],[448. 559.],[447. 560.],[447. 561.],[446. 562.],[445. 563.],[445. 564.],[444. 565.],[444. 566.],[443. 567.],[442. 568.],[441. 569.],[440. 570.],[439. 570.],[438. 570.],[437. 570.],[436. 570.],[435. 570.],[434. 570.],[433. 569.],[432. 569.],[431. 569.],[430. 569.],[429. 569.],[428. 569.],[427. 569.],[426. 568.],[425. 568.],[424. 568.],[423. 568.],[422. 568.],[421. 568.],[420. 568.],[419. 568.],[418. 569.],[417. 569.],[416. 569.],[415. 569.],[414. 568.],[413. 567.],[413. 566.],[414. 565.],[415. 565.],[416. 565.],[417. 565.],[418. 565.],[419. 565.],[420. 565.],[421. 565.],[422. 565.],[423. 565.],[424. 565.],[425. 565.],[426. 566.],[427. 566.],[428. 566.],[429. 566.],[430. 566.],[431. 565.],[432. 564.],[433. 564.],[434. 564.],[435. 564.],[436. 564.],[437. 564.],[437. 564.]
[373. 612.],[373. 612.],[374. 612.],[375. 613.],[375. 614.],[376. 615.],[377. 615.],[378. 615.],[379. 616.],[380. 615.],[381. 614.],[382. 613.],[383. 613.],[384. 613.],[385. 612.],[386. 611.],[385. 610.],[384. 609.],[383. 609.],[382. 608.],[382. 607.],[382. 606.],[382. 605.],[382. 604.],[383. 603.],[384. 603.],[385. 603.],[386. 603.],[387. 604.],[388. 605.],[389. 605.],[390. 605.],[391. 604.],[391. 603.],[390. 602.],[390. 601.],[390. 600.],[391. 599.],[392. 598.],[392. 597.],[392. 596.],[392. 595.],[392. 594.],[392. 593.],[391. 592.],[392. 591.],[392. 590.],[393. 589.],[393. 588.],[394. 587.],[394. 586.],[395. 585.],[395. 584.],[395. 583.],[396. 582.],[397. 581.],[398. 581.],[399. 580.],[400. 580.],[401. 579.],[402. 579.],[403. 579.],[404. 579.],[405. 579.],[406. 579.],[407. 580.],[408. 580.],[409. 580.],[410. 579.],[411. 579.],[412. 578.],[413. 578.],[414. 578.],[415. 578.],[416. 577.],[415. 576.],[414. 576.],[413. 576.],[412. 576.],[411. 576.],[410. 577.],[409. 577.],[408. 577.],[407. 576.],[407. 575.],[408. 574.],[409. 573.],[410. 572.],[411. 572.],[412. 572.],[413. 572.],[414. 572.],[415. 573.],[416. 573.],[417. 573.],[418. 573.],[419. 574.],[420. 574.],[421. 575.],[422. 575.],[423. 575.],[424. 574.],[425. 574.],[426. 575.],[426. 575.]
[420. 541.],[420. 541.],[419. 541.],[418. 540.],[417. 540.],[416. 540.],[415. 540.],[414. 540.],[413. 540.],[412. 539.],[412. 538.],[412. 537.],[412. 536.],[412. 535.],[412. 534.],[411. 533.],[410. 533.],[409. 534.],[409. 535.],[409. 536.],[409. 537.],[409. 538.],[409. 539.],[409. 540.],[409. 541.],[410. 542.],[411. 543.],[412. 544.],[413. 545.],[414. 546.],[414. 547.],[414. 548.],[414. 549.],[413. 550.],[412. 551.],[411. 551.],[410. 550.],[409. 549.],[409. 548.],[408. 547.],[407. 546.],[406. 545.],[405. 545.],[404. 544.],[403. 543.],[402. 542.],[402. 541.],[402. 540.],[402. 539.],[402. 538.],[403. 537.],[404. 537.],[405. 537.],[406. 536.],[406. 535.],[406. 534.],[406. 533.],[406. 532.],[405. 531.],[405. 530.],[405. 529.],[405. 528.],[405. 527.],[405. 526.],[405. 525.],[405. 524.],[405. 523.],[405. 522.],[405. 521.],[405. 520.],[405. 519.],[405. 518.],[404. 517.],[404. 516.],[404. 515.],[404. 514.],[403. 513.],[403. 512.],[402. 511.],[402. 510.],[402. 509.],[401. 508.],[400. 507.],[400. 506.],[399. 505.],[398. 504.],[398. 503.],[397. 502.],[397. 501.],[396. 500.],[396. 499.],[396. 498.],[395. 497.],[395. 496.],[395. 495.],[394. 494.],[394. 493.],[394. 492.],[394. 491.],[395. 490.],[396. 489.],[397. 488.],[397. 487.],[397. 486.],[396. 485.],[395. 484.],[395. 483.],[394. 482.],[394. 481.],[393. 480.],[393. 479.],[393. 478.],[393. 477.],[393. 476.],[394. 475.],[394. 474.],[395. 473.],[396. 472.],[397. 471.],[397. 470.],[397. 469.],[397. 468.],[397. 467.],[397. 466.],[398. 465.],[399. 464.],[400. 464.],[401. 464.],[402. 464.],[403. 464.],[404. 464.],[405. 465.],[406. 466.],[407. 467.],[408. 468.],[409. 468.],[410. 469.],[411. 469.],[412. 470.],[413. 470.],[414. 470.],[415. 470.],[416. 471.],[417. 471.],[418. 472.],[419. 472.],[420. 473.],[421. 473.],[422. 473.],[423. 473.],[424. 473.],[425. 473.],[426. 474.],[427. 475.],[427. 476.],[427. 477.],[427. 478.],[427. 479.],[428. 480.],[428. 481.],[428. 482.],[429. 483.],[430. 484.],[431. 485.],[432. 486.],[432. 487.],[433. 488.],[433. 489.],[433. 490.],[433. 491.],[433. 492.],[433. 493.],[434. 494.],[434. 495.],[434. 496.],[434. 497.],[434. 498.],[434. 499.],[435. 500.],[436. 501.],[437. 502.],[438. 502.],[439. 503.],[439. 503.]
[423. 577.],[423. 577.],[424. 577.],[425. 577.],[426. 577.],[427. 577.],[427. 577.]
[427. 577.],[427. 577.],[428. 576.],[429. 576.],[429. 576.]
[427. 577.],[427. 577.],[428. 578.],[427. 579.],[427. 580.],[428. 581.],[429. 581.],[430. 581.],[431. 581.],[432. 581.],[433. 581.],[434. 581.],[435. 582.],[435. 583.],[435. 584.],[436. 585.],[436. 586.],[435. 587.],[434. 588.],[433. 588.],[432. 588.],[431. 589.],[430. 589.],[430. 589.]
[429. 554.],[429. 554.],[428. 554.],[427. 553.],[426. 553.],[425. 553.],[424. 553.],[423. 553.],[422. 553.],[421. 553.],[420. 553.],[419. 553.],[418. 554.],[417. 555.],[416. 556.],[416. 557.],[415. 558.],[415. 559.],[415. 560.],[416. 561.],[417. 561.],[418. 561.],[419. 562.],[420. 562.],[421. 562.],[422. 562.],[423. 562.],[424. 562.],[425. 563.],[426. 563.],[427. 563.],[428. 563.],[429. 562.],[430. 562.],[431. 561.],[432. 561.],[433. 561.],[434. 561.],[435. 561.],[436. 562.],[437. 562.],[437. 562.]
[429. 554.],[429. 554.],[430. 553.],[430. 552.],[431. 551.],[431. 551.]
[429. 554.],[429. 554.],[430. 555.],[431. 555.],[432. 555.],[432. 555.]
[434. 371.],[434. 371.],[435. 372.],[436. 373.],[437. 374.],[438. 375.],[439. 376.],[440. 377.],[440. 378.],[440. 379.],[440. 380.],[441. 381.],[442. 382.],[443. 382.],[444. 383.],[445. 384.],[445. 384.]
[434. 552.],[434. 552.],[435. 552.],[436. 552.],[437. 552.],[438. 552.],[439. 552.],[440. 553.],[441. 552.],[441. 551.],[440. 550.],[439. 549.],[438. 549.],[437. 549.],[436. 549.],[435. 549.],[434. 549.],[433. 549.],[432. 548.],[431. 548.],[430. 548.],[429. 549.],[428. 549.],[427. 549.],[426. 550.],[425. 550.],[424. 550.],[423. 550.],[422. 550.],[421. 550.],[420. 549.],[419. 548.],[420. 547.],[421. 547.],[422. 547.],[423. 547.],[424. 547.],[425. 547.],[426. 546.],[425. 545.],[424. 545.],[423. 544.],[423. 543.],[423. 542.],[424. 541.],[424. 540.],[424. 539.],[424. 538.],[425. 537.],[426. 536.],[426. 535.],[427. 534.],[428. 533.],[429. 533.],[430. 533.],[431. 534.],[432. 534.],[433. 533.],[434. 533.],[435. 533.],[436. 533.],[436. 533.]
[436. 530.],[436. 530.],[435. 530.],[434. 529.],[433. 529.],[432. 528.],[431. 527.],[431. 526.],[432. 525.],[433. 525.],[434. 525.],[435. 524.],[436. 523.],[436. 522.],[437. 521.],[438. 520.],[438. 519.],[437. 518.],[436. 517.],[435. 517.],[434. 516.],[434. 515.],[435. 514.],[436. 513.],[437. 513.],[438. 512.],[439. 511.],[440. 510.],[441. 509.],[441. 508.],[441. 507.],[441. 506.],[441. 505.],[442. 504.],[442. 503.],[443. 502.],[444. 502.],[445. 502.],[446. 502.],[447. 502.],[448. 501.],[449. 500.],[450. 499.],[450. 498.],[451. 497.],[452. 496.],[453. 495.],[454. 494.],[454. 493.],[455. 492.],[456. 492.],[457. 491.],[458. 491.],[459. 490.],[460. 490.],[461. 490.],[462. 490.],[463. 489.],[463. 488.],[463. 487.],[463. 486.],[463. 485.],[463. 484.],[462. 483.],[461. 483.],[460. 483.],[459. 482.],[459. 481.],[459. 480.],[459. 479.],[460. 478.],[461. 477.],[462. 477.],[463. 477.],[464. 477.],[465. 477.],[466. 477.],[467. 476.],[468. 475.],[469. 474.],[470. 473.],[471. 473.],[472. 473.],[473. 472.],[474. 472.],[475. 472.],[476. 472.],[477. 472.],[478. 472.],[479. 471.],[478. 470.],[477. 469.],[476. 469.],[475. 469.],[474. 469.],[473. 469.],[472. 469.],[471. 469.],[470. 469.],[469. 469.],[468. 470.],[467. 470.],[466. 470.],[465. 471.],[464. 470.],[463. 469.],[462. 468.],[462. 467.],[463. 466.],[463. 465.],[464. 464.],[464. 463.],[465. 462.],[466. 461.],[467. 461.],[468. 460.],[469. 460.],[470. 459.],[471. 458.],[472. 457.],[472. 456.],[472. 455.],[471. 454.],[471. 453.],[470. 452.],[470. 451.],[470. 450.],[470. 449.],[470. 448.],[471. 447.],[472. 447.],[473. 447.],[474. 447.],[475. 447.],[476. 447.],[477. 446.],[476. 445.],[476. 445.]
[441. 578.],[441. 578.],[442. 578.],[443. 577.],[444. 577.],[445. 577.],[446. 577.],[447. 576.],[448. 576.],[449. 576.],[450. 576.],[451. 575.],[452. 575.],[453. 575.],[454. 574.],[455. 574.],[456. 574.],[457. 574.],[458. 573.],[459. 573.],[460. 573.],[461. 572.],[462. 572.],[463. 572.],[464. 571.],[465. 570.],[465. 569.],[465. 568.],[465. 567.],[466. 566.],[466. 565.],[466. 564.],[466. 563.],[466. 562.],[466. 561.],[466. 560.],[466. 559.],[466. 558.],[466. 557.],[466. 556.],[466. 555.],[465. 554.],[465. 553.],[465. 552.],[465. 551.],[465. 550.],[465. 549.],[465. 548.],[465. 547.],[465. 546.],[465. 545.],[465. 544.],[465. 543.],[465. 542.],[465. 541.],[465. 540.],[466. 539.],[466. 538.],[466. 537.],[466. 536.],[467. 535.],[466. 534.],[466. 533.],[466. 532.],[466. 531.],[467. 530.],[468. 530.],[469. 530.],[470. 530.],[471. 530.],[472. 530.],[473. 530.],[474. 530.],[475. 530.],[476. 530.],[477. 530.],[478. 530.],[479. 530.],[480. 530.],[481. 530.],[482. 529.],[483. 529.],[484. 529.],[485. 528.],[484. 527.],[483. 527.],[482. 527.],[481. 527.],[480. 527.],[479. 527.],[478. 527.],[477. 526.],[476. 526.],[475. 527.],[474. 527.],[473. 526.],[472. 525.],[473. 524.],[472. 523.],[471. 522.],[470. 522.],[469. 521.],[469. 520.],[469. 519.],[470. 518.],[470. 517.],[470. 516.],[470. 516.],[470. 515.]
[445. 384.],[445. 384.],[444. 385.],[444. 386.],[444. 387.],[444. 388.],[444. 389.],[444. 390.],[444. 391.],[445. 392.],[445. 393.],[444. 394.],[443. 394.],[442. 395.],[441. 395.],[440. 396.],[439. 397.],[439. 398.],[438. 399.],[437. 400.],[436. 401.],[435. 401.],[434. 400.],[433. 399.],[432. 399.],[431. 398.],[430. 398.],[429. 398.],[428. 399.],[428. 400.],[428. 401.],[429. 402.],[430. 403.],[431. 404.],[431. 405.],[431. 406.],[432. 407.],[433. 408.],[433. 409.],[434. 410.],[434. 411.],[434. 412.],[434. 413.],[434. 414.],[435. 415.],[435. 416.],[435. 417.],[435. 418.],[435. 419.],[435. 420.],[435. 421.],[436. 422.],[437. 423.],[438. 424.],[439. 425.],[440. 425.],[441. 425.],[442. 424.],[443. 423.],[444. 423.],[445. 422.],[446. 423.],[447. 423.],[448. 424.],[449. 424.],[450. 424.],[451. 423.],[452. 423.],[453. 424.],[454. 425.],[455. 426.],[456. 427.],[457. 427.],[458. 428.],[459. 428.],[460. 429.],[461. 429.],[462. 429.],[463. 429.],[464. 429.],[465. 429.],[466. 429.],[467. 429.],[468. 429.],[469. 428.],[470. 428.],[471. 428.],[472. 428.],[472. 428.]
[445. 384.],[445. 384.],[446. 385.],[447. 386.],[447. 387.],[447. 388.],[448. 389.],[449. 390.],[450. 391.],[451. 392.],[452. 392.],[453. 391.],[453. 390.],[453. 389.],[453. 388.],[454. 387.],[455. 386.],[456. 387.],[457. 388.],[458. 389.],[458. 390.],[459. 391.],[459. 391.]
[455. 497.],[455. 497.],[456. 498.],[457. 498.],[458. 498.],[459. 498.],[460. 499.],[461. 500.],[461. 501.],[462. 502.],[462. 503.],[463. 504.],[463. 505.],[464. 506.],[465. 506.],[466. 507.],[467. 508.],[468. 508.],[469. 508.],[470. 507.],[471. 506.],[472. 505.],[473. 504.],[474. 503.],[475. 503.],[476. 503.],[477. 504.],[477. 505.],[476. 506.],[475. 506.],[474. 507.],[474. 508.],[473. 509.],[473. 510.],[472. 511.],[472. 512.],[471. 513.],[470. 514.],[470. 515.],[470. 514.]
[460. 395.],[460. 395.],[459. 396.],[459. 397.],[458. 398.],[457. 399.],[457. 400.],[458. 401.],[459. 402.],[460. 402.],[461. 401.],[462. 400.],[462. 400.]
[466. 391.],[466. 391.],[465. 391.],[464. 391.],[463. 392.],[463. 393.],[463. 394.],[464. 395.],[464. 396.],[465. 397.],[465. 398.],[466. 399.],[466. 400.],[466. 401.],[467. 402.],[468. 403.],[469. 404.],[470. 405.],[471. 406.],[472. 406.],[473. 407.],[474. 408.],[474. 409.],[473. 410.],[472. 411.],[471. 412.],[471. 413.],[471. 414.],[472. 415.],[473. 416.],[474. 416.],[475. 417.],[476. 418.],[476. 419.],[475. 420.],[474. 421.],[474. 422.],[474. 423.],[474. 424.],[474. 425.],[474. 426.],[475. 427.],[476. 428.],[477. 429.],[478. 430.],[479. 431.],[480. 432.],[480. 433.],[480. 434.],[479. 435.],[478. 436.],[477. 436.],[476. 436.],[475. 436.],[474. 437.],[474. 438.],[474. 439.],[474. 440.],[474. 441.],[474. 442.],[474. 443.],[474. 444.],[474. 445.],[474. 445.]
[467. 515.],[467. 515.],[468. 515.],[469. 515.],[469. 515.]
[483. 431.],[483. 431.],[484. 430.],[485. 429.],[486. 429.],[487. 429.],[488. 429.],[489. 429.],[490. 429.],[491. 429.],[492. 429.],[493. 429.],[494. 429.],[495. 429.],[496. 429.],[497. 429.],[498. 429.],[499. 430.],[500. 430.],[501. 430.],[502. 430.],[503. 430.],[504. 430.],[505. 431.],[506. 431.],[507. 431.],[508. 431.],[509. 431.],[510. 431.],[510. 431.]
