[198. 505.],[198. 505.],[198. 504.],[199. 503.],[200. 502.],[201. 501.],[202. 500.],[203. 499.],[204. 498.],[205. 497.],[206. 496.],[207. 495.],[208. 494.],[209. 493.],[210. 492.],[212. 492.],[211. 492.],[211. 491.],[210. 492.]
[212 479],[212 482],[212 482],[211 483],[212 484],[213 483],[213 483],[213 481],[213 479]
[213 479],[214 480],[213 481],[214 481],[214 482],[215 482],[215 482],[216 482],[217 483],[218 484],[219 485],[219 485]
[213 489],[214 489],[214 490],[215 489],[215 489],[216 489],[217 488],[218 487],[219 486],[219 486]
[220 485],[220 485],[221 484],[222 483],[223 482],[224 481],[225 480],[226 479],[226 478],[226 477],[227 476],[227 475],[228 474],[229 473],[230 472],[231 472],[232 471],[233 470],[233 469],[234 468],[235 467],[236 466],[237 465],[238 464],[239 463],[240 462],[241 461],[242 461],[243 461],[244 461],[245 460],[246 460],[247 459],[248 459],[249 459],[250 458],[251 458],[252 458],[253 458],[254 458],[255 458],[256 457],[257 457],[258 457],[259 457],[259 457]
[220 486],[220 486],[221 487],[221 488],[221 489],[221 490],[221 491],[222 492],[222 493],[222 494],[223 495],[223 496],[223 497],[224 498],[224 499],[224 500],[224 501],[224 502],[224 503],[224 504],[224 505],[224 506],[225 507],[225 508],[225 509],[225 510],[225 511],[226 512],[226 513],[227 514],[228 515],[228 516],[228 517],[228 518],[228 519],[228 520],[228 521],[228 522],[228 523],[228 524],[228 525],[228 526],[229 527],[229 528],[229 529],[230 530],[230 531],[230 532],[231 533],[231 534],[232 535],[232 536],[233 537],[234 538],[234 539],[235 540],[236 541],[237 542],[238 542],[239 543],[240 543],[241 543],[242 544],[243 544],[244 545],[245 545],[246 546],[247 546],[248 546],[249 546],[250 546],[251 546],[252 547],[253 548],[254 549],[255 550],[256 551],[257 551],[258 551],[259 551],[260 552],[261 552],[262 552],[263 553],[264 554],[265 554],[266 555],[267 555],[268 556],[269 557],[270 557],[271 558],[272 558],[273 559],[274 559],[275 559],[276 559],[277 559],[278 559],[279 559],[280 559],[281 559],[282 560],[283 560],[284 561],[284 561]
[223. 421.],[223. 421.],[224. 420.],[225. 420.],[226. 420.],[227. 420.],[227. 420.]
[225. 413.],[225. 413.],[226. 413.],[227. 412.],[228. 412.],[229. 411.],[230. 411.],[231. 410.],[231. 410.]
[231. 414.],[231. 414.],[232. 413.],[233. 413.],[234. 413.],[235. 413.],[236. 413.],[237. 413.],[238. 413.],[239. 412.],[240. 411.],[241. 410.],[244. 409.],[243. 410.],[242. 410.],[241. 410.],[243. 409.],[242. 409.]
[234. 409.],[234. 409.],[235. 408.],[236. 407.],[237. 407.],[238. 407.],[239. 407.],[240. 407.],[241. 407.],[244. 408.],[243. 407.],[242. 408.],[242. 407.],[241. 407.]
[237. 400.],[238. 401.],[239. 401.],[237. 398.],[237. 399.],[237. 400.],[237. 398.]
[240 403],[241 402],[241 403],[241 404],[241 404],[241 405],[242 406],[244 408],[243 407],[242 408],[242 407],[242 406]
[238. 418.],[238. 418.],[239. 419.],[240. 419.],[241. 419.],[242. 420.],[243. 421.],[244. 421.],[243. 421.]
[243 409],[243 410],[244 409],[243 410],[244 411],[245 410],[245 410],[245 409]
[245 409],[245 410],[246 409],[246 410],[247 410],[248 409],[249 409],[250 409],[250 410],[250 410],[250 411],[250 412],[250 413],[250 414],[250 415],[250 416],[250 416]
[245 409],[246 409],[248 409],[249 409],[250 409],[251 409],[251 409],[252 409],[253 408],[254 408],[255 407],[256 407],[257 407],[260 407],[259 407],[258 407],[257 407]
[244. 422.],[244. 422.],[244. 423.],[244. 424.],[244. 425.],[244. 426.],[244. 427.],[244. 427.]
[244 421],[245 421],[245 421],[246 420],[247 419],[248 418],[249 417],[250 417],[249 417]
[250 417],[251 417],[251 417],[252 418],[253 419],[254 420],[255 421],[256 422],[257 422],[258 422],[260 421],[259 422],[259 421],[258 422]
[260 247],[260 247],[261 248],[262 247],[261 246],[261 246],[260 246]
[258 406],[260 406],[258 406],[258 405],[258 404],[258 403],[259 402],[259 401],[259 400],[260 399],[260 398],[261 397],[261 396],[262 395],[263 395],[264 395],[263 395]
[260 407],[260 407],[261 408],[262 409],[263 410],[263 411],[263 412],[263 413],[263 414],[263 415],[263 416],[263 417],[263 418],[263 417],[262 418],[261 419],[261 420]
[260 406],[261 406],[262 405],[262 406],[262 405],[262 404],[263 403],[264 402],[265 401],[266 400],[267 399],[268 398],[268 398],[268 397]
[260 406],[261 406],[262 406],[263 406],[263 406],[264 406],[265 406],[266 406],[267 405],[268 405],[269 405],[270 405],[272 405],[271 405],[270 405]
[260. 421.],[260. 424.],[260. 425.],[260. 425.],[261. 426.],[261. 427.],[261. 427.]
[261 420],[261 419],[262 418],[263 418],[264 418],[264 418],[265 419],[265 420],[265 420],[265 421]
[259. 462.],[259. 461.],[260. 460.],[260. 459.],[260. 458.],[259. 462.]
[260 457],[260 457],[261 456],[262 456],[263 455],[264 455],[265 455],[266 455],[267 455],[268 455],[269 454],[270 454],[271 454],[272 454],[273 453],[274 453],[275 453],[276 453],[277 453],[278 453],[279 453],[278 453]
[260. 531.],[260. 531.],[261. 530.],[262. 529.],[263. 528.],[264. 527.],[265. 527.],[264. 527.]
[264 395],[265 395],[265 395],[266 395],[267 395],[268 396],[268 397],[268 396]
[263. 433.],[263. 433.],[264. 434.],[265. 434.],[265. 434.]
[264 509],[264 509],[264 510],[264 511],[264 512],[264 513],[264 514],[264 515],[264 516],[264 517],[264 518],[264 519],[264 518]
[264. 508.],[264. 508.],[265. 507.],[266. 506.],[267. 505.],[268. 504.],[268. 504.]
[264 519],[264 520],[264 520],[264 521],[264 522],[265 523],[265 524],[265 525],[265 525],[265 526]
[265 422],[265 422],[266 423],[267 422],[266 421],[266 421],[265 421]
[266 526],[267 526],[267 526],[268 527],[267 528],[267 528],[266 528],[266 527]
[266 527],[266 528],[267 528],[267 529],[267 529],[268 530],[269 530],[270 530],[270 530]
[267 498],[268 498],[267 498],[266 497],[265 496],[264 495],[263 494],[262 493],[261 492],[261 491],[261 490],[261 489],[261 488],[261 487],[261 486],[261 485],[262 484],[262 483],[262 482],[263 481],[263 480],[264 479],[265 478],[266 477],[267 476],[268 475],[269 474],[270 473],[270 472],[271 471],[271 470],[272 469],[273 469],[274 468],[274 467],[275 466],[275 465],[276 464],[276 463],[276 462],[277 461],[277 460],[278 459],[278 458],[279 457],[279 456],[279 455],[279 454],[279 454]
[268. 499.],[268. 499.],[268. 500.],[268. 501.],[268. 502.],[268. 503.],[268. 504.],[268. 504.]
[268 498],[269 498],[269 498],[270 497],[271 497],[272 497],[273 497],[274 497],[275 497],[276 497],[277 497],[277 497]
[269 397],[269 397],[270 397],[271 398],[271 399],[271 400],[271 401],[271 402],[271 403],[271 404],[271 404]
[268. 504.],[268. 504.],[269. 505.],[270. 506.],[271. 507.],[272. 508.],[273. 509.],[273. 510.],[273. 511.],[273. 510.]
[270. 389.],[270. 389.],[271. 389.],[272. 389.],[272. 389.]
[273 405],[274 405],[274 406],[274 406],[275 407],[275 408],[275 409],[275 408]
[274 404],[275 404],[275 404],[276 404],[277 403],[278 402],[279 402],[278 402]
[271 529],[271 530],[271 529],[272 528],[272 527],[272 526],[272 525],[273 524],[273 523],[273 522],[273 521],[273 520],[273 519],[273 518],[273 517],[273 516],[273 515],[273 514],[273 513],[273 512],[273 512],[273 511]
[271 530],[271 531],[271 531],[271 532],[272 533],[273 533],[274 533],[275 533],[276 533],[277 533],[278 533],[279 533],[280 534],[281 534],[282 534],[283 533],[286 533],[285 533],[284 533],[283 533]
[274 511],[274 511],[275 512],[276 513],[277 514],[278 515],[279 516],[279 516]
[275 409],[275 409],[274 410],[275 411],[276 410],[276 410]
[276. 410.],[277. 410.],[277. 410.],[278. 411.],[279. 412.],[279. 412.]
[276. 397.],[276. 397.],[277. 398.],[277. 399.],[278. 400.],[278. 401.],[278. 401.]
[278 496],[278 497],[278 496],[279 495],[280 494],[281 493],[282 492],[283 491],[284 490],[285 490],[286 489],[287 489],[288 489],[289 489],[290 488],[290 488],[290 487]
[278 497],[278 498],[278 498],[279 499],[280 500],[281 501],[282 502],[283 503],[284 504],[285 505],[286 506],[287 507],[288 508],[289 509],[290 510],[291 511],[292 511],[291 511]
[280. 402.],[280. 402.],[281. 403.],[282. 404.],[283. 405.],[284. 405.],[284. 405.]
[280 401],[281 401],[281 401],[282 400],[283 400],[284 399],[284 399],[284 398]
[279 453],[280 453],[280 453],[281 453],[282 452],[283 452],[284 452],[285 451],[286 451],[287 451],[288 451],[287 451]
[279 517],[279 517],[279 518],[279 519],[279 520],[279 521],[279 522],[279 523],[279 524],[279 525],[280 526],[280 527],[280 528],[280 529],[280 530],[281 531],[282 532],[283 533],[286 533],[285 533],[284 533],[283 533]
[280 516],[280 516],[281 517],[282 518],[283 519],[284 520],[285 521],[286 522],[286 522],[287 523],[286 523],[286 524]
[289 525],[290 533],[291 532],[292 531],[292 530],[292 529],[292 528],[292 527],[292 526],[292 525],[290 533],[288 533],[288 532],[287 533]
[288 522],[288 523],[288 524],[289 522],[290 522],[290 523],[291 522],[291 524],[292 522],[292 523],[292 524],[292 512],[293 513],[294 514],[294 515],[294 516],[293 517],[293 518],[293 519],[293 520],[293 521],[292 522],[292 512]
[287 533],[288 533],[289 534],[290 533],[290 534],[290 534],[291 535],[292 535],[293 535],[294 536],[295 536],[296 537],[297 537],[298 537],[298 537]
[284 397],[284 398],[284 397],[285 396],[286 397],[285 398],[285 398]
[284. 562.],[284. 562.],[284. 563.],[284. 564.],[284. 565.],[284. 566.],[284. 567.],[284. 568.],[284. 569.],[284. 570.],[284. 571.],[284. 572.],[284. 573.],[284. 573.]
[285. 561.],[285. 561.],[286. 561.],[287. 561.],[288. 561.],[289. 562.],[290. 562.],[291. 562.],[292. 562.],[293. 562.],[294. 562.],[295. 562.],[296. 562.],[297. 562.],[298. 562.],[299. 563.],[300. 563.],[301. 563.],[302. 563.],[303. 563.],[304. 563.],[305. 564.],[306. 564.],[307. 564.],[308. 564.],[309. 564.],[310. 565.],[311. 565.],[312. 565.],[313. 565.],[314. 565.],[315. 565.],[316. 565.],[317. 565.],[318. 564.],[319. 564.],[320. 564.],[321. 564.],[322. 564.],[323. 564.],[324. 563.],[324. 563.]
[286. 473.],[286. 473.],[286. 474.],[286. 475.],[286. 476.],[286. 477.],[286. 478.],[287. 479.],[288. 480.],[289. 481.],[290. 482.],[291. 483.],[292. 484.],[291. 485.],[291. 486.],[291. 485.]
[288. 451.],[288. 451.],[289. 452.],[290. 453.],[291. 454.],[292. 455.],[293. 456.],[293. 457.],[293. 458.],[293. 459.],[293. 460.],[293. 461.],[293. 462.],[293. 463.],[293. 464.],[292. 465.],[292. 465.]
[288. 450.],[289. 450.],[289. 450.],[290. 450.],[291. 449.],[292. 449.],[293. 449.],[294. 449.],[295. 449.],[296. 448.],[297. 448.],[298. 448.],[299. 447.],[300. 446.],[301. 445.],[302. 445.],[303. 445.],[304. 444.],[305. 443.],[306. 443.],[307. 442.],[308. 441.],[309. 441.],[310. 441.],[311. 441.],[312. 440.],[313. 440.],[314. 439.],[315. 438.],[316. 437.],[317. 436.],[318. 435.],[319. 434.],[320. 434.],[321. 433.],[322. 432.],[323. 431.],[324. 430.],[324. 429.],[324. 429.]
[289. 399.],[289. 399.],[290. 398.],[291. 398.],[292. 398.],[293. 398.],[294. 398.],[295. 398.],[296. 398.],[297. 397.],[298. 396.],[299. 395.],[300. 394.],[301. 394.],[300. 394.],[301. 393.],[300. 393.]
[290 485],[290 485],[289 486],[290 487],[290 487]
[291 487],[292 487],[292 487],[293 487],[294 487],[295 487],[296 487],[297 487],[298 487],[299 487],[300 487],[301 487],[302 487],[303 487],[303 487]
[291. 356.],[291. 356.],[292. 355.],[293. 354.],[294. 354.],[295. 354.],[294. 354.]
[291. 388.],[291. 388.],[292. 388.],[293. 389.],[294. 389.],[295. 389.],[296. 390.],[297. 390.],[298. 391.],[299. 392.],[300. 392.],[299. 392.]
[292 511],[293 511],[293 511],[294 511],[295 511],[296 510],[297 510],[298 510],[299 510],[300 510],[301 510],[302 510],[303 510],[304 510],[305 509],[306 509],[307 508],[308 507],[309 506],[309 506]
[293. 357.],[293. 357.],[294. 356.],[295. 355.],[295. 355.],[295. 354.]
[296. 354.],[296. 355.],[296. 355.],[297. 356.],[298. 357.],[298. 357.]
[295. 598.],[295. 598.],[296. 597.],[297. 596.],[298. 596.],[299. 597.],[300. 596.],[300. 595.],[300. 595.]
[296. 604.],[296. 604.],[296. 605.],[297. 606.],[297. 606.]
[299. 536.],[299. 533.],[299. 534.],[299. 535.],[299. 536.],[299. 533.]
[299 537],[299 537],[300 538],[301 538],[302 539],[303 539],[304 539],[305 540],[306 540],[307 540],[308 541],[309 541],[309 541]
[300. 391.],[300. 392.],[300. 391.],[301. 390.],[301. 389.],[302. 388.],[303. 388.],[304. 388.],[304. 388.]
[302 392],[303 392],[303 392],[304 393],[303 394],[303 394],[302 393],[301 394],[301 393]
[304 486],[304 486],[305 485],[306 484],[307 483],[308 483],[309 482],[310 482],[311 482],[312 481],[313 481],[314 480],[315 480],[314 480]
[304 487],[304 487],[305 488],[306 489],[307 490],[308 491],[309 492],[309 493],[309 494],[309 495],[309 496],[309 497],[309 498],[309 499],[309 500],[309 501],[309 502],[309 503],[309 504],[309 505],[309 505]
[307. 521.],[307. 521.],[307. 520.],[308. 519.],[309. 518.],[309. 517.],[309. 516.],[309. 515.],[309. 514.],[309. 513.],[309. 512.],[310. 511.],[311. 510.],[312. 509.],[312. 509.]
[310 399],[310 399],[311 398],[312 397],[313 396],[313 395],[313 394],[314 393],[314 392],[315 391],[316 391],[317 391],[318 391],[319 390],[320 389],[321 388],[322 387],[323 386],[324 385],[325 384],[324 385],[324 384]
[310. 400.],[310. 400.],[310. 401.],[310. 402.],[310. 402.]
[310 470],[310 471],[311 470],[311 470],[312 471],[311 472],[311 472],[310 472]
[310 472],[311 472],[311 473],[311 473],[311 474],[311 475],[312 476],[313 477],[314 478],[315 479],[315 479]
[310 506],[310 506],[311 507],[312 508],[312 508]
[310 540],[310 540],[311 539],[312 538],[312 537],[313 536],[314 535],[314 535],[314 534]
[310 541],[310 541],[311 542],[312 543],[313 543],[314 543],[315 543],[316 544],[317 544],[317 544]
[310. 382.],[310. 382.],[311. 381.],[312. 380.],[313. 379.],[314. 379.],[315. 378.],[316. 377.],[316. 377.]
[313 509],[313 509],[314 509],[315 510],[316 510],[317 510],[318 511],[319 511],[320 512],[321 513],[322 514],[322 515],[322 516],[323 517],[323 518],[323 518]
[314. 384.],[314. 384.],[315. 384.],[316. 384.],[317. 384.],[318. 384.],[319. 384.],[320. 384.],[321. 384.],[322. 384.],[323. 384.],[325. 384.],[324. 384.],[323. 384.]
[316. 478.],[316. 479.],[316. 478.],[317. 477.],[318. 476.],[319. 475.],[320. 474.],[321. 473.],[322. 472.],[323. 472.],[324. 472.],[325. 471.],[326. 471.],[327. 471.],[328. 470.],[329. 470.],[330. 470.],[331. 469.],[332. 469.],[333. 469.],[334. 469.],[335. 468.],[336. 468.],[336. 468.]
[316 480],[316 480],[317 481],[318 482],[319 483],[320 484],[321 485],[322 486],[323 487],[324 488],[325 489],[326 490],[327 491],[328 492],[329 493],[330 494],[331 495],[332 496],[332 497],[333 498],[334 499],[334 500],[335 501],[335 501]
[314 532],[314 533],[314 532],[315 531],[316 530],[317 529],[317 528],[317 528]
[315 534],[315 534],[316 534],[317 534],[318 534],[319 534],[320 534],[320 533],[319 534]
[316. 359.],[316. 359.],[317. 359.],[318. 359.],[319. 359.],[319. 359.]
[316. 371.],[316. 371.],[316. 372.],[315. 373.],[315. 374.],[315. 375.],[315. 376.],[316. 377.],[316. 377.]
[316. 377.],[316. 377.],[317. 377.],[318. 377.],[319. 378.],[320. 378.],[321. 379.],[322. 380.],[323. 381.],[324. 382.],[325. 383.],[325. 383.]
[317 527],[317 527],[318 526],[319 525],[319 525],[319 524]
[319 522],[319 523],[319 522],[320 521],[321 520],[322 519],[322 519]
[320 525],[321 524],[321 525],[321 525],[322 526],[323 525],[322 524],[322 524],[321 524]
[318 543],[318 544],[318 543],[319 542],[320 541],[321 540],[322 539],[322 538],[322 537],[322 536],[322 536],[322 535],[322 533]
[318. 544.],[318. 545.],[318. 545.],[319. 546.],[319. 547.],[319. 548.],[320. 549.],[320. 550.],[321. 551.],[321. 552.],[321. 553.],[321. 554.],[322. 555.],[322. 556.],[322. 557.],[322. 558.],[323. 559.],[323. 560.],[323. 561.],[324. 562.],[324. 563.],[324. 563.]
[319. 371.],[319. 371.],[320. 372.],[321. 373.],[322. 374.],[323. 375.],[324. 376.],[325. 377.],[326. 378.],[327. 379.],[327. 379.]
[321. 355.],[321. 355.],[322. 354.],[323. 354.],[324. 354.],[324. 354.]
[323. 519.],[323. 519.],[324. 520.],[325. 520.],[326. 520.],[327. 519.],[327. 518.],[328. 517.],[328. 517.]
[325 384],[325 384],[326 385],[327 386],[327 387],[327 386]
[326. 383.],[327. 382.],[327. 383.],[327. 379.],[327. 380.],[327. 381.],[327. 382.],[327. 379.]
[326 383],[327 383],[328 383],[328 383],[329 383],[330 383],[331 383],[332 383],[331 383]
[324. 563.],[324. 563.],[325. 564.],[326. 564.],[327. 564.],[328. 564.],[329. 564.],[330. 564.],[330. 564.]
[328 370],[328 370],[329 371],[328 372],[328 372],[328 370]
[328 370],[328 372],[328 372],[328 373],[328 374],[328 375],[328 376],[328 375]
[327. 379.],[327. 379.],[328. 378.],[328. 377.],[328. 377.],[328. 376.]
[327. 387.],[327. 388.],[327. 388.],[327. 389.],[327. 390.],[328. 391.],[328. 392.],[328. 393.],[328. 394.],[328. 394.]
[328 387],[328 387],[329 388],[330 388],[331 388],[332 388],[333 388],[334 388],[335 388],[336 388],[337 388],[338 388],[339 388],[338 388]
[327. 397.],[327. 398.],[327. 397.],[327. 396.],[327. 395.],[328. 394.],[328. 394.]
[327. 398.],[327. 399.],[327. 399.],[327. 400.],[327. 401.],[327. 402.],[327. 403.],[327. 404.],[327. 405.],[327. 406.],[327. 406.]
[328. 398.],[328. 398.],[329. 399.],[330. 400.],[331. 401.],[331. 402.],[332. 403.],[332. 403.]
[329 376],[329 376],[330 375],[331 374],[332 374],[333 374],[334 374],[334 373],[333 374]
[328. 394.],[328. 394.],[329. 395.],[330. 396.],[331. 397.],[332. 398.],[333. 398.],[334. 398.],[335. 399.],[335. 399.]
[329. 515.],[329. 515.],[329. 514.],[329. 513.],[329. 512.],[330. 511.],[330. 510.],[331. 509.],[334. 508.],[333. 509.],[332. 509.],[332. 508.],[331. 509.]
[329. 540.],[329. 540.],[329. 541.],[330. 542.],[331. 543.],[332. 544.],[332. 545.],[333. 546.],[333. 546.]
[332 383],[332 383],[333 384],[334 383],[334 383]
[335 505],[335 507],[336 504],[336 505],[336 506],[336 507],[336 502],[336 503],[336 504],[336 502]
[335. 507.],[336. 506.],[336. 507.],[337. 506.],[337. 506.],[338. 507.],[339. 508.],[340. 509.],[340. 510.],[340. 511.],[340. 512.],[339. 513.],[339. 514.],[339. 515.],[339. 515.]
[334 372],[334 371],[334 370],[334 370],[335 369],[336 370],[336 370],[335 371]
[335 371],[336 370],[336 370],[337 370],[338 370],[339 370],[338 370]
[333. 547.],[333. 548.],[333. 548.],[333. 549.],[333. 550.],[334. 551.],[335. 552.],[336. 553.],[337. 554.],[338. 555.],[339. 554.],[339. 554.]
[334 545],[334 546],[335 545],[335 545],[336 546],[335 547],[335 547],[334 547]
[336. 501.],[336. 501.],[337. 500.],[338. 499.],[339. 499.],[340. 499.],[341. 499.],[342. 498.],[342. 498.]
[336. 468.],[336. 468.],[337. 467.],[337. 466.],[337. 465.],[338. 464.],[338. 463.],[338. 462.],[338. 461.],[339. 460.],[339. 459.],[339. 458.],[339. 457.],[339. 456.],[339. 455.],[340. 454.],[340. 453.],[340. 452.],[340. 451.],[340. 450.],[341. 449.],[341. 448.],[341. 447.],[341. 446.],[342. 445.],[342. 444.],[343. 443.],[343. 442.],[343. 441.],[343. 440.],[344. 439.],[344. 438.],[344. 437.],[345. 436.],[345. 435.],[346. 434.],[347. 434.],[348. 433.],[349. 432.],[350. 431.],[351. 430.],[352. 430.],[353. 429.],[354. 429.],[355. 428.],[356. 428.],[357. 427.],[358. 427.],[359. 426.],[360. 425.],[361. 424.],[362. 424.],[363. 423.],[363. 422.],[364. 421.],[365. 421.],[366. 421.],[367. 420.],[368. 420.],[369. 420.],[370. 419.],[371. 419.],[372. 419.],[373. 418.],[374. 417.],[375. 416.],[376. 415.],[377. 414.],[378. 414.],[379. 413.],[379. 412.],[379. 412.]
[336. 468.],[336. 468.],[337. 469.],[338. 470.],[339. 470.],[340. 471.],[341. 471.],[342. 471.],[343. 471.],[344. 471.],[345. 471.],[346. 471.],[347. 471.],[348. 472.],[349. 472.],[350. 473.],[351. 473.],[352. 473.],[353. 474.],[354. 475.],[354. 475.]
[339. 370.],[340. 370.],[340. 370.],[341. 370.],[342. 370.],[343. 370.],[343. 370.]
[338 379],[338 379],[337 379],[338 380],[338 380]
[338 379],[338 379],[339 378],[340 377],[340 377]
[338 380],[338 380],[338 381],[339 382],[340 383],[340 383]
[339. 389.],[339. 389.],[339. 390.],[339. 391.],[339. 392.],[340. 393.],[340. 394.],[339. 395.],[339. 395.]
[339 388],[340 388],[340 388],[341 387],[342 387],[343 386],[343 386]
[341 377],[341 377],[342 376],[343 375],[343 375]
[341 378],[341 378],[341 379],[341 380],[341 381],[341 382],[341 382]
[341 383],[341 383],[342 384],[343 385],[343 385]
[343 375],[343 375],[344 376],[344 375],[344 375]
[344. 375.],[344. 372.],[345. 373.],[345. 374.],[344. 375.],[344. 372.]
[344. 385.],[344. 385.],[345. 385.],[346. 385.],[347. 385.],[348. 385.],[349. 385.],[350. 385.],[351. 385.],[351. 385.]
[343. 518.],[343. 518.],[344. 517.],[345. 516.],[346. 516.],[346. 516.]
[347. 514.],[347. 514.],[347. 513.],[347. 512.],[348. 511.],[349. 510.],[349. 510.]
[349. 491.],[349. 491.],[349. 490.],[348. 489.],[348. 488.],[348. 487.],[348. 486.],[348. 485.],[348. 484.],[348. 483.],[348. 482.],[349. 481.],[350. 480.],[351. 479.],[352. 478.],[353. 477.],[354. 476.],[354. 476.]
[349. 509.],[349. 509.],[349. 508.],[350. 507.],[350. 506.],[350. 505.],[350. 504.],[350. 503.],[350. 502.],[350. 502.]
[350. 510.],[350. 510.],[351. 511.],[351. 512.],[351. 513.],[351. 514.],[350. 515.],[350. 515.]
[350. 515.],[350. 515.],[349. 515.],[350. 516.],[350. 515.],[350. 515.]
[352. 496.],[352. 496.],[353. 496.],[354. 496.],[355. 496.],[356. 496.],[357. 496.],[358. 496.],[359. 496.],[360. 496.],[361. 496.],[362. 496.],[363. 495.],[364. 494.],[364. 494.]
[355 475],[355 475],[356 475],[357 475],[358 475],[358 475]
[355. 383.],[355. 383.],[355. 384.],[356. 385.],[357. 386.],[356. 387.],[356. 387.]
[355. 525.],[355. 525.],[355. 526.],[355. 527.],[356. 528.],[356. 529.],[357. 530.],[358. 531.],[358. 532.],[359. 533.],[359. 534.],[359. 534.]
[357. 379.],[357. 379.],[358. 378.],[359. 378.],[360. 379.],[361. 379.],[362. 380.],[362. 381.],[362. 382.],[361. 383.],[361. 383.]
[359. 474.],[359. 474.],[360. 473.],[361. 472.],[362. 471.],[363. 470.],[363. 469.],[363. 468.],[363. 467.],[364. 466.],[364. 465.],[364. 464.],[364. 463.],[364. 462.],[364. 461.],[364. 460.],[364. 459.],[364. 458.],[364. 457.],[365. 456.],[365. 455.],[365. 454.],[365. 453.],[365. 452.],[365. 451.],[365. 450.],[365. 449.],[365. 448.],[365. 447.],[365. 446.],[366. 445.],[366. 444.],[366. 444.]
[359 475],[359 475],[360 476],[361 477],[362 477],[363 478],[364 479],[364 480],[364 481],[365 482],[365 483],[365 484],[365 485],[365 486],[365 485]
[365 493],[365 487],[365 488],[365 489],[365 490],[365 491],[365 492],[365 493],[365 487],[365 486]
[365 494],[365 494],[366 495],[366 496],[366 497],[366 498],[366 499],[366 500],[367 501],[367 502],[367 503],[367 504],[367 505],[367 506],[367 507],[367 508],[367 509],[367 510],[367 511],[368 512],[368 513],[369 514],[369 515],[370 516],[370 517],[371 518],[371 519],[372 520],[372 521],[373 522],[373 523],[373 524],[374 525],[374 526],[375 527],[376 528],[377 529],[378 530],[379 530],[380 531],[381 531],[382 532],[383 532],[384 532],[383 532]
[366 486],[366 486],[367 486],[368 486],[369 486],[370 486],[369 486]
[368. 443.],[368. 443.],[369. 442.],[370. 442.],[371. 442.],[372. 442.],[373. 442.],[374. 442.],[375. 442.],[376. 442.],[377. 442.],[378. 442.],[379. 442.],[380. 442.],[381. 442.],[382. 442.],[382. 442.]
[370 486],[370 486],[371 487],[372 486],[371 485],[371 485],[370 485]
[372. 700.],[372. 700.],[373. 700.],[374. 700.],[375. 700.],[375. 700.]
[376. 404.],[376. 404.],[377. 404.],[378. 404.],[379. 404.],[379. 404.]
[381 685],[381 686],[382 686],[383 686],[384 686],[385 686],[385 686],[386 686],[387 686],[388 686],[389 686],[390 686],[390 686],[390 688]
[381. 549.],[381. 549.],[382. 550.],[381. 551.],[381. 551.]
[383. 441.],[383. 442.],[383. 441.],[383. 440.],[383. 439.],[383. 438.],[383. 437.],[383. 436.],[384. 435.],[384. 434.],[384. 433.],[385. 432.],[385. 431.],[385. 430.],[385. 429.],[385. 428.],[385. 428.]
[383 442],[383 443],[383 443],[384 444],[384 445],[385 446],[385 447],[386 448],[387 449],[387 450],[388 451],[388 452],[388 453],[388 454],[388 455],[388 456],[388 457],[388 458],[388 459],[388 460],[387 461],[387 462],[387 463],[387 464],[387 465],[387 466],[387 467],[387 468],[387 469],[387 470],[387 471],[387 472],[387 473],[387 474],[387 475],[387 476],[387 477],[387 478],[387 479],[387 480],[387 481],[387 482],[388 483],[388 484],[389 485],[390 486],[391 487],[392 487],[393 488],[394 488],[395 489],[396 489],[397 490],[398 491],[399 491],[399 491]
[385. 533.],[386. 532.],[386. 533.],[386. 533.],[387. 534.],[388. 535.],[389. 536.],[390. 537.],[391. 538.],[392. 538.],[393. 539.],[394. 539.],[395. 540.],[395. 540.]
[383. 694.],[383. 694.],[384. 693.],[385. 692.],[389. 690.],[388. 692.],[388. 691.],[387. 690.],[387. 692.],[387. 691.],[386. 692.],[385. 692.],[385. 691.]
[384. 669.],[384. 669.],[384. 670.],[384. 671.],[384. 672.],[384. 672.]
[384 676],[384 676],[383 677],[383 678],[384 679],[384 679]
[385 676],[385 677],[386 676],[386 676],[387 676],[388 677],[389 678],[389 678],[389 679]
[386 692],[386 693],[387 691],[387 692],[387 690],[388 691],[388 692],[388 693],[389 690],[386 693],[387 694],[388 693],[389 690],[388 693],[388 692],[388 691]
[390 688],[391 687],[391 688],[390 686],[391 686],[391 685],[391 682],[391 683],[391 684],[391 685],[391 682],[390 681],[390 680]
[392 690],[392 691],[392 692],[392 692],[393 693],[393 694],[392 695],[392 695],[391 695]
[392 690],[393 690],[393 690],[394 690],[395 691],[396 692],[397 692],[398 692],[399 693],[399 693]
[387. 404.],[387. 404.],[387. 405.],[387. 406.],[387. 406.]
[388. 672.],[388. 672.],[389. 673.],[390. 673.],[391. 672.],[391. 672.]
[389 679],[389 678],[389 678],[390 677],[391 678],[390 679],[390 679]
[390 680],[390 681],[391 682],[391 682],[392 681],[393 680],[394 680],[395 680],[396 679],[397 679],[398 679],[399 679],[398 679]
[388. 697.],[388. 697.],[389. 696.],[390. 695.],[391. 695.],[390. 695.]
[389. 704.],[389. 704.],[390. 704.],[391. 703.],[392. 702.],[392. 702.]
[390. 408.],[390. 408.],[391. 409.],[392. 410.],[393. 411.],[393. 412.],[394. 413.],[395. 414.],[396. 415.],[396. 415.]
[390. 417.],[390. 417.],[391. 416.],[392. 416.],[393. 416.],[394. 416.],[395. 416.],[396. 416.],[395. 416.]
[391 671],[391 671],[392 670],[393 671],[393 671]
[393 671],[393 671],[394 671],[395 671],[396 671],[397 671],[397 671]
[392. 702.],[392. 702.],[393. 702.],[394. 703.],[394. 703.]
[392. 353.],[392. 353.],[392. 354.],[391. 355.],[392. 356.],[392. 356.]
[396 416],[397 416],[397 416],[398 416],[399 416],[400 417],[400 417]
[398 671],[398 671],[399 670],[400 669],[401 668],[402 667],[403 666],[403 666]
[398 672],[398 672],[399 673],[399 674],[399 675],[399 676],[399 677],[399 678],[399 678]
[399 679],[400 679],[400 679],[401 679],[402 679],[403 679],[402 679]
[400 698],[400 698],[401 699],[402 698],[402 698],[400 698]
[400. 698.],[402. 698.],[402. 698.],[403. 697.],[403. 696.],[403. 696.]
[400 491],[400 491],[401 490],[402 489],[403 488],[404 487],[405 486],[406 485],[406 484],[406 483],[406 482],[407 481],[407 480],[407 479],[407 478],[407 477],[408 476],[408 475],[408 474],[408 473],[408 472],[408 471],[408 470],[408 469],[408 468],[408 467],[408 466],[408 465],[408 464],[408 463],[408 462],[408 461],[408 460],[408 459],[408 458],[408 457],[408 456],[408 455],[408 454],[408 453],[408 452],[408 451],[409 450],[409 449],[409 448],[409 447],[409 446],[409 445],[409 444],[409 443],[408 442],[408 441],[407 440],[406 439],[405 438],[404 437],[404 436],[403 435],[403 434],[403 433],[403 432],[403 431],[402 430],[402 429],[402 428],[402 427],[402 427],[402 426]
[400 492],[400 493],[400 493],[399 494],[398 495],[397 496],[396 497],[395 498],[395 499],[395 500],[395 501],[395 502],[395 503],[396 504],[396 505],[396 506],[396 507],[396 508],[397 509],[397 510],[397 511],[398 512],[398 513],[398 514],[398 515],[399 516],[400 517],[401 518],[402 519],[403 520],[404 521],[405 522],[406 523],[406 524],[407 525],[408 526],[408 527],[408 528],[408 528]
[400 492],[400 493],[400 493],[401 494],[402 495],[403 495],[404 495],[405 495],[404 495]
[400 692],[400 693],[400 692],[401 691],[401 690],[401 690],[401 689]
[401 416],[401 417],[401 416],[402 415],[403 414],[404 413],[404 412],[404 411],[404 411]
[401 417],[401 418],[401 418],[401 419],[401 420],[401 421],[401 422],[401 423],[402 424],[402 425],[402 426],[402 425]
[400. 665.],[400. 665.],[401. 665.],[402. 665.],[402. 665.]
[401. 405.],[401. 405.],[401. 406.],[401. 407.],[401. 408.],[402. 409.],[403. 410.],[403. 410.]
[401 688],[401 689],[401 688],[402 687],[403 688],[402 689],[402 689]
[403 426],[403 426],[404 426],[405 427],[406 428],[407 429],[408 430],[409 431],[410 431],[411 431],[412 431],[413 431],[414 431],[415 431],[416 431],[417 431],[418 431],[419 430],[420 430],[421 430],[422 430],[421 430]
[405 646],[406 646],[406 646],[407 647],[406 648],[406 648],[405 648],[405 647]
[403. 665.],[403. 665.],[404. 664.],[404. 663.],[404. 663.]
[403 678],[403 677],[403 677],[404 676],[405 677],[404 678],[404 678],[403 678]
[403. 679.],[403. 679.],[404. 680.],[404. 681.],[405. 682.],[406. 683.],[406. 684.],[406. 685.],[406. 685.]
[403. 403.],[403. 403.],[404. 404.],[404. 405.],[405. 406.],[405. 407.],[405. 408.],[405. 409.],[404. 410.],[404. 410.]
[406 495],[406 495],[407 496],[406 497],[406 497]
[406. 497.],[406. 497.],[406. 498.],[407. 499.],[408. 499.],[409. 500.],[410. 501.],[411. 502.],[412. 502.],[413. 503.],[414. 504.],[414. 505.],[415. 506.],[416. 507.],[416. 508.],[417. 509.],[417. 510.],[418. 511.],[418. 512.],[419. 513.],[419. 514.],[419. 515.],[420. 516.],[420. 517.],[420. 518.],[421. 519.],[422. 520.],[422. 521.],[423. 522.],[424. 523.],[424. 524.],[425. 525.],[426. 526.],[427. 527.],[427. 528.],[428. 529.],[428. 530.],[429. 531.],[429. 531.]
[405 673],[405 673],[406 673],[407 672],[407 672]
[405. 549.],[405. 549.],[405. 548.],[405. 547.],[406. 546.],[407. 545.],[408. 544.],[409. 543.],[409. 542.],[410. 541.],[410. 540.],[410. 539.],[411. 538.],[412. 537.],[412. 536.],[413. 535.],[413. 535.]
[408 528],[408 528],[407 529],[408 530],[408 530]
[409 530],[410 530],[410 530],[411 531],[412 532],[412 533],[413 534],[413 534]
[414. 535.],[414. 535.],[415. 535.],[416. 535.],[417. 535.],[418. 535.],[419. 535.],[420. 535.],[421. 535.],[422. 535.],[423. 535.],[424. 536.],[425. 536.],[426. 536.],[427. 536.],[427. 536.]
[416 411],[416 411],[417 412],[416 413],[416 413],[416 411]
[416. 410.],[416. 409.],[416. 408.],[416. 408.],[416. 407.],[417. 406.],[417. 405.],[417. 405.]
[416. 410.],[416. 409.],[417. 409.],[417. 409.],[418. 409.],[419. 409.],[420. 410.],[420. 410.]
[419. 444.],[419. 444.],[420. 444.],[421. 443.],[422. 443.],[423. 443.],[424. 443.],[425. 443.],[426. 443.],[427. 443.],[428. 443.],[429. 443.],[430. 443.],[431. 443.],[432. 443.],[433. 443.],[434. 444.],[435. 444.],[436. 444.],[437. 444.],[438. 444.],[439. 444.],[440. 445.],[441. 445.],[442. 445.],[443. 445.],[444. 445.],[445. 446.],[446. 446.],[447. 446.],[448. 446.],[449. 446.],[450. 447.],[451. 447.],[452. 447.],[453. 447.],[454. 447.],[455. 447.],[456. 447.],[457. 447.],[458. 447.],[459. 447.],[460. 447.],[461. 447.],[462. 446.],[463. 446.],[464. 446.],[465. 446.],[466. 446.],[467. 446.],[468. 446.],[469. 445.],[470. 445.],[471. 445.],[472. 445.],[473. 445.],[474. 445.],[475. 445.],[476. 445.],[476. 445.]
[420. 485.],[420. 485.],[420. 486.],[420. 487.],[420. 488.],[421. 489.],[421. 490.],[422. 491.],[422. 492.],[422. 493.],[422. 494.],[423. 495.],[423. 496.],[424. 497.],[424. 498.],[425. 499.],[426. 500.],[426. 500.]
[422 430],[423 430],[423 430],[424 431],[425 431],[426 431],[427 431],[428 431],[429 431],[430 431],[431 431],[432 431],[433 431],[434 430],[435 430],[434 430]
[422. 418.],[422. 418.],[423. 417.],[423. 416.],[423. 415.],[424. 414.],[425. 414.],[426. 414.],[427. 414.],[429. 414.],[428. 414.],[427. 414.]
[422. 553.],[422. 553.],[422. 552.],[423. 551.],[423. 551.]
[423. 407.],[423. 407.],[424. 407.],[425. 407.],[426. 407.],[427. 407.],[428. 406.],[428. 405.],[429. 404.],[429. 404.]
[425. 504.],[425. 504.],[426. 505.],[427. 506.],[427. 507.],[427. 507.]
[425. 542.],[425. 542.],[426. 543.],[427. 543.],[428. 543.],[429. 543.],[430. 543.],[431. 544.],[431. 544.]
[428 413],[428 414],[429 414],[428 413],[429 412],[430 413],[430 414],[430 413]
[429. 415.],[429. 416.],[428. 418.],[428. 417.],[429. 416.],[428. 418.]
[430 415],[431 415],[432 415],[432 415],[433 416],[434 416],[435 416],[436 416],[436 416],[436 414]
[427. 475.],[427. 475.],[426. 475.],[425. 474.],[424. 473.],[424. 472.],[424. 471.],[424. 470.],[423. 469.],[423. 468.],[423. 467.],[423. 466.],[423. 465.],[422. 464.],[422. 463.],[421. 462.],[421. 461.],[421. 460.],[421. 459.],[421. 458.],[421. 457.],[421. 456.],[421. 455.],[422. 454.],[423. 454.],[424. 454.],[425. 454.],[426. 454.],[427. 454.],[428. 454.],[429. 454.],[430. 454.],[431. 453.],[432. 453.],[433. 453.],[434. 454.],[435. 454.],[436. 454.],[437. 455.],[438. 455.],[439. 456.],[440. 456.],[441. 456.],[442. 456.],[443. 456.],[444. 456.],[445. 456.],[446. 456.],[447. 456.],[448. 456.],[449. 456.],[450. 456.],[451. 457.],[452. 457.],[453. 457.],[454. 457.],[455. 457.],[456. 457.],[457. 456.],[458. 456.],[459. 456.],[460. 456.],[461. 456.],[462. 456.],[463. 456.],[464. 455.],[465. 455.],[466. 455.],[467. 455.],[468. 454.],[469. 454.],[470. 454.],[471. 454.],[472. 454.],[473. 455.],[474. 455.],[475. 455.],[476. 454.],[477. 454.],[478. 453.],[479. 453.],[479. 453.]
[428. 475.],[428. 475.],[429. 474.],[430. 473.],[431. 472.],[431. 471.],[431. 470.],[431. 469.],[431. 469.]
[428 476],[428 476],[428 477],[428 478],[428 479],[428 480],[429 481],[429 482],[430 483],[430 484],[431 485],[431 486],[432 487],[432 488],[433 489],[434 490],[435 491],[435 492],[436 493],[436 494],[437 495],[438 496],[439 497],[440 498],[441 499],[442 500],[442 501],[443 502],[444 503],[445 504],[446 504],[447 504],[448 505],[448 506],[449 507],[449 508],[449 509],[449 510],[449 511],[448 512],[448 512]
[427 507],[427 507],[426 508],[427 509],[427 509]
[428. 509.],[428. 509.],[429. 510.],[429. 511.],[429. 512.],[430. 513.],[431. 514.],[432. 515.],[433. 516.],[434. 517.],[435. 518.],[435. 519.],[436. 520.],[436. 521.],[437. 522.],[438. 523.],[439. 524.],[439. 525.],[440. 526.],[441. 527.],[442. 528.],[443. 529.],[443. 530.],[444. 531.],[444. 532.],[444. 532.]
[431. 462.],[431. 462.],[432. 463.],[433. 464.],[433. 464.]
[433. 409.],[433. 409.],[434. 410.],[435. 411.],[436. 414.],[436. 413.],[435. 413.],[436. 412.],[436. 411.],[435. 411.]
[435 430],[436 430],[436 430],[437 431],[438 431],[439 431],[439 431]
[436 411],[436 412],[436 413],[436 414],[436 411],[437 410],[438 411],[437 412],[437 412]
[437 415],[437 416],[438 416],[439 416],[439 416],[440 415],[441 415],[442 414],[443 414],[444 414],[445 414],[446 414],[445 414]
[437 415],[437 416],[438 416],[439 416],[439 417],[439 417],[440 418],[441 418],[442 418],[443 418],[444 418],[445 418],[446 418],[446 418]
[435. 469.],[435. 469.],[436. 470.],[437. 471.],[438. 471.],[439. 472.],[440. 473.],[440. 474.],[440. 473.]
[435. 535.],[435. 535.],[435. 536.],[435. 537.],[436. 538.],[437. 539.],[438. 540.],[439. 541.],[440. 542.],[440. 543.],[440. 544.],[440. 544.]
[440. 431.],[440. 431.],[441. 430.],[442. 429.],[443. 428.],[444. 428.],[445. 427.],[446. 427.],[447. 428.],[448. 428.],[449. 428.],[450. 428.],[451. 428.],[452. 429.],[452. 429.]
[440. 432.],[440. 432.],[441. 433.],[442. 434.],[443. 434.],[444. 435.],[445. 435.],[446. 436.],[447. 436.],[448. 436.],[449. 436.],[450. 436.],[451. 436.],[452. 436.],[453. 436.],[454. 437.],[455. 437.],[456. 437.],[457. 437.],[458. 437.],[459. 437.],[460. 437.],[461. 436.],[462. 436.],[463. 436.],[464. 436.],[465. 436.],[466. 436.],[467. 436.],[468. 436.],[469. 437.],[470. 437.],[471. 437.],[472. 437.],[473. 437.],[474. 436.],[475. 436.],[475. 436.]
[440. 474.],[440. 475.],[440. 475.],[440. 476.],[440. 477.],[440. 478.],[440. 478.]
[441 474],[441 474],[442 474],[443 474],[444 474],[444 474]
[442. 411.],[442. 411.],[443. 411.],[444. 411.],[445. 412.],[446. 413.],[446. 414.],[446. 413.]
[442. 465.],[442. 465.],[443. 465.],[444. 465.],[445. 465.],[446. 466.],[447. 466.],[448. 466.],[449. 466.],[450. 466.],[451. 466.],[452. 466.],[453. 466.],[454. 466.],[455. 466.],[456. 466.],[457. 466.],[458. 466.],[459. 466.],[460. 466.],[461. 465.],[462. 465.],[463. 465.],[464. 465.],[465. 465.],[466. 464.],[467. 464.],[468. 463.],[469. 463.],[470. 463.],[471. 463.],[472. 462.],[473. 462.],[474. 462.],[475. 462.],[476. 462.],[476. 462.]
[442. 510.],[442. 510.],[443. 510.],[444. 511.],[445. 511.],[446. 512.],[447. 512.],[447. 512.]
[445. 474.],[445. 474.],[446. 473.],[447. 472.],[447. 472.]
[445. 475.],[445. 475.],[445. 476.],[445. 477.],[445. 477.]
[444 483],[444 483],[443 484],[444 485],[444 485]
[445 484],[445 485],[445 485],[446 486],[447 487],[448 487],[447 487]
[445. 483.],[446. 483.],[446. 483.],[447. 482.],[448. 481.],[448. 481.]
[447. 414.],[447. 414.],[448. 413.],[449. 412.],[449. 411.],[450. 410.],[451. 409.],[451. 408.],[451. 407.],[452. 406.],[452. 405.],[452. 404.],[452. 404.]
[447 414],[447 415],[447 415],[447 416],[447 417],[447 417]
[447. 418.],[447. 418.],[448. 419.],[449. 420.],[450. 420.],[451. 420.],[452. 420.],[453. 420.],[454. 420.],[455. 420.],[456. 420.],[457. 420.],[458. 421.],[459. 421.],[460. 422.],[461. 421.],[462. 421.],[463. 422.],[464. 422.],[465. 422.],[466. 422.],[467. 422.],[468. 423.],[469. 424.],[470. 424.],[471. 425.],[472. 425.],[473. 425.],[473. 425.]
[448 487],[449 487],[449 487],[450 487],[451 488],[452 488],[453 489],[453 490],[453 491],[453 492],[453 493],[453 494],[453 493]
[448 513],[448 513],[449 514],[450 515],[451 516],[451 517],[452 518],[452 519],[452 520],[452 519]
[451. 475.],[451. 475.],[452. 475.],[453. 475.],[454. 475.],[455. 475.],[454. 475.]
[453 494],[453 495],[453 495],[453 496],[453 497],[454 498],[454 498],[454 500],[454 499]
[452. 520.],[452. 521.],[452. 521.],[452. 522.],[452. 523.],[452. 524.],[452. 525.],[453. 526.],[453. 527.],[453. 528.],[454. 529.],[453. 530.],[453. 530.]
[453. 520.],[453. 520.],[454. 520.],[455. 520.],[456. 520.],[457. 520.],[458. 521.],[458. 521.]
[453 500],[454 500],[453 500],[452 501],[453 502],[454 502],[453 502],[454 501]
[454 499],[454 500],[455 499],[455 499],[456 499],[457 499],[458 499],[458 499]
[454 501],[454 502],[455 502],[455 502],[456 503],[457 504],[458 504],[457 504]
[454. 472.],[454. 472.],[455. 473.],[455. 474.],[455. 474.]
[455 475],[456 475],[456 475],[457 475],[458 474],[459 474],[460 474],[459 474]
[455. 482.],[455. 482.],[456. 482.],[457. 483.],[458. 483.],[459. 483.],[460. 483.],[461. 483.],[462. 483.],[462. 483.]
[458 503],[458 504],[458 503],[458 502],[459 501],[459 500],[459 500]
[458. 504.],[458. 505.],[458. 505.],[459. 506.],[460. 506.],[461. 507.],[461. 508.],[461. 508.]
[458. 504.],[459. 504.],[459. 504.],[460. 504.],[461. 504.],[462. 504.],[462. 504.]
[458. 409.],[458. 409.],[459. 408.],[460. 408.],[461. 407.],[463. 407.],[462. 407.],[462. 406.],[461. 407.]
[459. 499.],[459. 499.],[460. 498.],[461. 498.],[462. 497.],[462. 496.],[462. 496.]
[460 473],[461 473],[461 473],[462 472],[463 471],[464 471],[465 471],[466 472],[468 472],[467 472],[466 472],[467 473]
[459. 489.],[459. 489.],[460. 489.],[461. 489.],[462. 489.],[463. 489.],[464. 489.],[465. 488.],[466. 488.],[467. 488.],[468. 488.],[469. 488.],[469. 488.]
[464. 406.],[464. 407.],[465. 407.],[465. 407.],[466. 407.],[467. 407.],[468. 407.],[468. 407.]
[463. 524.],[463. 524.],[464. 525.],[465. 526.],[466. 526.],[467. 527.],[467. 527.]
[464. 495.],[464. 495.],[465. 495.],[466. 495.],[467. 494.],[467. 494.]
[465. 430.],[465. 430.],[466. 430.],[467. 430.],[468. 430.],[469. 430.],[470. 430.],[471. 430.],[472. 430.],[473. 430.],[473. 430.]
[469. 476.],[469. 476.],[470. 476.],[471. 477.],[471. 477.]
[469 471],[469 472],[469 473],[470 471],[471 471],[471 471],[472 472],[472 471],[472 471],[471 471],[470 471],[469 473],[469 472],[469 471]
[466. 413.],[466. 413.],[467. 413.],[468. 413.],[468. 413.]
