[  0. 437.],[  0. 437.],[  0. 436.],[  0. 435.],[  1. 434.],[  2. 433.],[  3. 432.],[  3. 431.],[  4. 430.],[  5. 429.],[  6. 428.],[  6. 427.],[  7. 426.],[  8. 425.],[  9. 424.],[ 10. 423.],[ 10. 422.],[ 11. 421.],[ 12. 421.],[ 13. 420.],[ 14. 419.],[ 15. 418.],[ 16. 417.],[ 17. 417.],[ 18. 416.],[ 19. 415.],[ 20. 415.],[ 21. 414.],[ 22. 413.],[ 23. 412.],[ 24. 411.],[ 25. 410.],[ 26. 409.],[ 27. 408.],[ 28. 407.],[ 29. 406.],[ 30. 405.],[ 31. 404.],[ 32. 403.],[ 33. 402.],[ 34. 401.],[ 35. 400.],[ 35. 399.],[ 36. 398.],[ 36. 397.],[ 37. 396.],[ 37. 395.],[ 38. 394.],[ 39. 393.],[ 39. 392.],[ 40. 391.],[ 40. 390.],[ 41. 389.],[ 41. 388.],[ 42. 387.],[ 42. 386.],[ 43. 385.],[ 43. 384.],[ 43. 383.],[ 43. 382.],[ 44. 381.],[ 45. 380.],[ 45. 379.],[ 45. 378.],[ 46. 377.],[ 47. 376.],[ 47. 375.],[ 48. 374.],[ 48. 373.],[ 49. 372.],[ 50. 371.],[ 50. 370.],[ 51. 369.],[ 52. 368.],[ 53. 367.],[ 54. 367.],[ 55. 366.],[ 56. 366.],[ 57. 365.],[ 58. 364.],[ 59. 363.],[ 60. 362.],[ 61. 361.],[ 62. 360.],[ 63. 360.],[ 64. 359.],[ 65. 358.],[ 66. 358.],[ 67. 357.],[ 68. 356.],[ 69. 356.],[ 70. 355.],[ 71. 355.],[ 72. 355.],[ 73. 354.],[ 74. 354.],[ 75. 353.],[ 76. 353.],[ 77. 352.],[ 78. 352.],[ 79. 351.],[ 80. 351.],[ 81. 350.],[ 82. 350.],[ 83. 350.],[ 84. 349.],[ 85. 348.],[ 86. 348.],[ 87. 347.],[ 88. 347.],[ 89. 346.],[ 90. 346.],[ 91. 345.],[ 92. 344.],[ 93. 344.],[ 94. 344.],[ 95. 343.],[ 96. 342.],[ 97. 342.],[ 98. 342.],[ 99. 342.],[100. 341.],[101. 341.],[102. 341.],[103. 341.],[104. 341.],[105. 341.],[106. 341.],[107. 341.],[108. 340.],[109. 340.],[110. 340.],[111. 340.],[112. 339.],[113. 339.],[114. 339.],[115. 339.],[116. 339.],[117. 339.],[118. 339.],[119. 339.],[120. 339.],[121. 338.],[122. 338.],[123. 338.],[124. 338.],[125. 338.],[126. 338.],[127. 338.],[128. 338.],[129. 338.],[130. 338.],[131. 338.],[132. 338.],[133. 338.],[134. 338.],[135. 338.],[136. 338.],[137. 337.],[138. 338.],[139. 338.],[140. 338.],[141. 338.],[142. 337.],[143. 337.],[144. 337.],[145. 337.],[146. 337.],[147. 337.],[148. 337.],[149. 337.],[150. 338.],[151. 338.],[152. 338.],[153. 337.],[154. 338.],[155. 338.],[156. 338.],[157. 338.],[158. 338.],[159. 338.],[160. 338.],[161. 338.],[162. 338.],[163. 338.],[164. 338.],[165. 338.],[166. 338.],[167. 338.],[168. 338.],[169. 338.],[170. 338.],[171. 338.],[172. 338.],[173. 338.],[174. 338.],[175. 338.],[176. 338.],[177. 338.],[178. 338.],[179. 338.],[180. 338.],[181. 339.],[182. 339.],[183. 339.],[184. 339.],[185. 339.],[186. 339.],[187. 339.],[188. 339.],[189. 339.],[190. 339.],[191. 339.],[192. 339.],[193. 339.],[194. 339.],[195. 339.],[196. 340.],[197. 340.],[198. 340.],[199. 339.],[199. 339.]
[  0. 488.],[  0. 488.],[  1. 489.],[  2. 489.],[  3. 489.],[  4. 489.],[  5. 490.],[  6. 490.],[  7. 490.],[  8. 489.],[  9. 489.],[ 10. 489.],[ 11. 489.],[ 12. 489.],[ 13. 489.],[ 14. 489.],[ 15. 489.],[ 16. 489.],[ 17. 489.],[ 18. 489.],[ 19. 489.],[ 20. 490.],[ 21. 490.],[ 22. 490.],[ 23. 490.],[ 24. 490.],[ 25. 490.],[ 26. 490.],[ 27. 490.],[ 28. 491.],[ 29. 491.],[ 30. 491.],[ 31. 491.],[ 32. 491.],[ 33. 491.],[ 34. 490.],[ 35. 490.],[ 36. 489.],[ 37. 489.],[ 38. 489.],[ 39. 489.],[ 40. 490.],[ 41. 490.],[ 42. 490.],[ 43. 490.],[ 44. 490.],[ 45. 490.],[ 46. 491.],[ 47. 491.],[ 48. 491.],[ 49. 491.],[ 50. 491.],[ 51. 492.],[ 51. 492.]
[  0. 492.],[  0. 492.],[  1. 493.],[  2. 493.],[  3. 493.],[  4. 494.],[  5. 495.],[  6. 495.],[  7. 495.],[  8. 496.],[  9. 497.],[ 10. 497.],[ 11. 498.],[ 12. 499.],[ 13. 499.],[ 14. 500.],[ 15. 500.],[ 16. 500.],[ 17. 500.],[ 18. 500.],[ 19. 500.],[ 20. 501.],[ 21. 501.],[ 22. 501.],[ 23. 501.],[ 24. 501.],[ 25. 502.],[ 26. 502.],[ 27. 502.],[ 28. 502.],[ 29. 503.],[ 30. 503.],[ 31. 504.],[ 32. 504.],[ 33. 504.],[ 34. 505.],[ 35. 505.],[ 36. 506.],[ 37. 506.],[ 38. 506.],[ 39. 507.],[ 40. 507.],[ 41. 508.],[ 42. 508.],[ 43. 509.],[ 44. 509.],[ 45. 509.],[ 46. 510.],[ 47. 510.],[ 48. 511.],[ 49. 511.],[ 50. 511.],[ 51. 511.],[ 52. 511.],[ 53. 511.],[ 54. 511.],[ 53. 511.]
[ 20. 496.],[ 20. 496.],[ 21. 496.],[ 22. 496.],[ 23. 495.],[ 24. 495.],[ 25. 495.],[ 26. 495.],[ 26. 495.]
[ 38. 495.],[ 38. 495.],[ 39. 495.],[ 40. 495.],[ 41. 495.],[ 42. 495.],[ 43. 495.],[ 44. 495.],[ 44. 495.]
[ 49. 494.],[ 49. 494.],[ 50. 495.],[ 51. 495.],[ 52. 495.],[ 53. 496.],[ 54. 496.],[ 55. 496.],[ 56. 495.],[ 57. 495.],[ 58. 496.],[ 59. 496.],[ 60. 496.],[ 61. 496.],[ 62. 496.],[ 63. 496.],[ 64. 496.],[ 65. 496.],[ 66. 496.],[ 67. 496.],[ 68. 496.],[ 69. 495.],[ 70. 495.],[ 71. 495.],[ 72. 495.],[ 73. 496.],[ 74. 496.],[ 75. 496.],[ 76. 496.],[ 77. 496.],[ 78. 496.],[ 79. 496.],[ 80. 496.],[ 81. 496.],[ 81. 496.]
[ 54 511],[ 54 511],[ 55 512],[ 56 513],[ 57 513],[ 58 513],[ 59 514],[ 60 514],[ 61 514],[ 62 514],[ 63 514],[ 64 514],[ 65 515],[ 66 515],[ 67 516],[ 68 516],[ 69 516],[ 70 516],[ 71 517],[ 72 517],[ 73 517],[ 74 517],[ 75 518],[ 76 519],[ 77 519],[ 78 519],[ 79 519],[ 80 519],[ 81 519],[ 82 519],[ 83 519],[ 84 519],[ 85 519],[ 86 520],[ 87 520],[ 88 520],[ 89 520],[ 88 520]
[ 54 510],[ 55 510],[ 55 510],[ 56 509],[ 57 509],[ 58 509],[ 59 509],[ 60 510],[ 61 510],[ 62 510],[ 63 510],[ 64 510],[ 65 510],[ 66 511],[ 67 511],[ 68 511],[ 69 511],[ 70 511],[ 71 511],[ 72 511],[ 73 511],[ 74 512],[ 75 512],[ 76 512],[ 77 511],[ 78 511],[ 79 512],[ 80 512],[ 81 512],[ 82 512],[ 83 512],[ 84 512],[ 85 512],[ 86 512],[ 87 512],[ 88 512],[ 89 512],[ 90 512],[ 91 512],[ 92 512],[ 93 512],[ 94 512],[ 95 511],[ 96 511],[ 97 511],[ 98 511],[ 99 511],[100 510],[101 510],[102 510],[103 510],[104 510],[105 510],[106 510],[107 510],[108 510],[109 510],[110 509],[110 508],[110 508]
[ 58. 369.],[ 58. 369.],[ 59. 369.],[ 60. 370.],[ 61. 371.],[ 62. 372.],[ 63. 373.],[ 64. 374.],[ 64. 375.],[ 65. 376.],[ 66. 377.],[ 66. 378.],[ 67. 379.],[ 68. 380.],[ 68. 381.],[ 68. 382.],[ 68. 383.],[ 68. 384.],[ 69. 385.],[ 70. 386.],[ 71. 386.],[ 72. 387.],[ 73. 388.],[ 74. 389.],[ 74. 390.],[ 75. 391.],[ 76. 392.],[ 77. 393.],[ 78. 394.],[ 79. 395.],[ 80. 396.],[ 81. 397.],[ 81. 398.],[ 82. 399.],[ 83. 400.],[ 84. 401.],[ 85. 402.],[ 86. 403.],[ 86. 404.],[ 87. 405.],[ 87. 406.],[ 88. 407.],[ 89. 408.],[ 90. 409.],[ 91. 410.],[ 91. 411.],[ 92. 412.],[ 92. 413.],[ 93. 414.],[ 94. 415.],[ 95. 416.],[ 96. 417.],[ 96. 418.],[ 97. 419.],[ 97. 420.],[ 98. 421.],[ 98. 422.],[ 99. 423.],[100. 424.],[100. 425.],[101. 426.],[102. 427.],[103. 428.],[104. 429.],[104. 430.],[105. 431.],[106. 432.],[106. 433.],[107. 434.],[107. 435.],[108. 436.],[109. 437.],[109. 438.],[110. 439.],[110. 440.],[111. 441.],[112. 442.],[113. 443.],[114. 444.],[115. 444.],[116. 445.],[117. 446.],[118. 447.],[119. 447.],[120. 448.],[121. 449.],[122. 450.],[123. 451.],[124. 452.],[124. 453.],[125. 454.],[126. 455.],[127. 456.],[128. 457.],[128. 458.],[129. 459.],[130. 460.],[131. 461.],[132. 461.],[133. 462.],[134. 463.],[135. 464.],[136. 464.],[137. 465.],[138. 466.],[139. 467.],[140. 468.],[141. 468.],[142. 469.],[143. 469.],[144. 470.],[145. 471.],[146. 472.],[147. 473.],[148. 474.],[149. 475.],[150. 476.],[151. 476.],[152. 475.],[153. 475.],[154. 475.],[155. 475.],[156. 476.],[157. 477.],[158. 478.],[159. 478.],[160. 478.],[161. 477.],[162. 478.],[163. 478.],[164. 478.],[164. 478.]
[ 65. 502.],[ 65. 502.],[ 66. 502.],[ 67. 501.],[ 68. 502.],[ 69. 502.],[ 70. 502.],[ 71. 502.],[ 72. 503.],[ 73. 503.],[ 74. 503.],[ 75. 503.],[ 76. 503.],[ 77. 504.],[ 78. 504.],[ 79. 504.],[ 80. 505.],[ 81. 505.],[ 81. 505.]
[ 79. 532.],[ 79. 533.],[ 79. 532.],[ 79. 531.],[ 79. 530.],[ 79. 529.],[ 78. 528.],[ 78. 527.],[ 78. 526.],[ 77. 525.],[ 78. 524.],[ 78. 523.],[ 79. 522.],[ 80. 522.],[ 81. 522.],[ 82. 522.],[ 82. 522.]
[ 79 533],[ 79 534],[ 79 534],[ 79 535],[ 79 536],[ 79 537],[ 79 538],[ 79 539],[ 78 540],[ 78 541],[ 79 542],[ 79 543],[ 79 544],[ 79 543]
[ 80 533],[ 80 533],[ 81 533],[ 82 533],[ 83 533],[ 84 532],[ 85 531],[ 86 530],[ 87 529],[ 88 529],[ 89 529],[ 90 528],[ 91 528],[ 92 528],[ 93 527],[ 94 527],[ 95 527],[ 96 526],[ 97 526],[ 98 525],[ 99 525],[100 524],[101 524],[102 524],[103 524],[104 523],[105 523],[106 523],[107 522],[108 522],[109 521],[110 521],[111 520],[112 520],[113 520],[114 520],[115 520],[116 520],[117 519],[118 519],[119 518],[120 518],[121 518],[122 518],[123 518],[124 518],[125 518],[126 517],[127 517],[128 517],[129 517],[130 517],[131 517],[132 517],[134 517],[133 517],[133 516],[132 517]
[ 79 544],[ 79 545],[ 79 545],[ 79 546],[ 79 547],[ 79 548],[ 80 549],[ 80 550],[ 80 551],[ 80 552],[ 81 553],[ 81 554],[ 81 555],[ 82 556],[ 83 557],[ 83 558],[ 84 559],[ 84 560],[ 84 561],[ 85 562],[ 86 563],[ 86 563]
[ 80. 544.],[ 80. 544.],[ 81. 544.],[ 82. 544.],[ 83. 543.],[ 84. 543.],[ 85. 543.],[ 86. 542.],[ 87. 542.],[ 88. 541.],[ 89. 541.],[ 90. 541.],[ 91. 541.],[ 92. 540.],[ 93. 540.],[ 94. 540.],[ 95. 540.],[ 96. 539.],[ 97. 539.],[ 98. 539.],[ 99. 539.],[100. 539.],[101. 538.],[102. 538.],[103. 538.],[104. 538.],[105. 538.],[106. 538.],[107. 537.],[108. 537.],[109. 537.],[110. 537.],[111. 536.],[112. 536.],[113. 536.],[114. 535.],[115. 535.],[116. 535.],[117. 535.],[118. 535.],[119. 534.],[120. 534.],[121. 534.],[122. 534.],[123. 533.],[124. 533.],[125. 532.],[126. 532.],[127. 532.],[128. 531.],[129. 531.],[130. 531.],[131. 531.],[132. 531.],[133. 530.],[134. 530.],[135. 529.],[136. 529.],[137. 529.],[138. 529.],[139. 528.],[140. 528.],[141. 528.],[142. 528.],[143. 528.],[144. 529.],[145. 529.],[146. 529.],[147. 528.],[148. 528.],[149. 527.],[150. 527.],[150. 527.]
[ 83. 507.],[ 83. 507.],[ 84. 507.],[ 85. 507.],[ 86. 507.],[ 87. 507.],[ 88. 507.],[ 89. 507.],[ 90. 507.],[ 91. 507.],[ 92. 507.],[ 93. 507.],[ 94. 507.],[ 95. 507.],[ 96. 507.],[ 97. 507.],[ 98. 507.],[ 99. 507.],[100. 507.],[101. 507.],[102. 507.],[103. 507.],[104. 507.],[105. 507.],[106. 507.],[107. 507.],[108. 507.],[109. 507.],[110. 507.],[109. 507.]
[ 83. 550.],[ 83. 550.],[ 84. 549.],[ 85. 549.],[ 86. 548.],[ 87. 548.],[ 88. 547.],[ 89. 548.],[ 90. 548.],[ 91. 548.],[ 92. 548.],[ 93. 548.],[ 94. 548.],[ 95. 547.],[ 96. 547.],[ 97. 547.],[ 98. 546.],[ 99. 546.],[100. 546.],[101. 546.],[102. 546.],[103. 546.],[104. 546.],[105. 545.],[106. 545.],[107. 546.],[108. 546.],[109. 546.],[110. 546.],[111. 546.],[112. 546.],[113. 547.],[114. 547.],[115. 547.],[116. 547.],[117. 547.],[118. 547.],[119. 547.],[120. 547.],[121. 547.],[122. 547.],[123. 546.],[124. 546.],[125. 546.],[126. 545.],[127. 545.],[128. 545.],[129. 545.],[130. 545.],[131. 544.],[132. 544.],[133. 544.],[134. 543.],[135. 543.],[136. 543.],[137. 543.],[138. 543.],[139. 543.],[140. 543.],[141. 543.],[142. 542.],[143. 543.],[144. 543.],[145. 543.],[146. 543.],[147. 543.],[148. 543.],[149. 543.],[150. 542.],[151. 542.],[152. 541.],[153. 541.],[154. 541.],[155. 541.],[156. 540.],[157. 540.],[158. 539.],[159. 539.],[159. 539.]
[ 86. 495.],[ 86. 495.],[ 87. 495.],[ 88. 495.],[ 89. 495.],[ 90. 495.],[ 91. 495.],[ 92. 495.],[ 93. 494.],[ 94. 494.],[ 95. 494.],[ 96. 494.],[ 97. 494.],[ 98. 494.],[ 98. 494.]
[ 86 564],[ 86 564],[ 86 565],[ 86 566],[ 86 567],[ 86 568],[ 86 569],[ 86 570],[ 86 571],[ 86 572],[ 86 571]
[ 87. 563.],[ 87. 563.],[ 88. 562.],[ 89. 562.],[ 90. 561.],[ 91. 561.],[ 92. 561.],[ 93. 561.],[ 94. 560.],[ 95. 560.],[ 96. 560.],[ 97. 560.],[ 98. 559.],[ 99. 559.],[100. 559.],[101. 559.],[102. 559.],[103. 558.],[104. 558.],[105. 558.],[106. 558.],[107. 558.],[108. 558.],[109. 558.],[110. 558.],[111. 558.],[112. 558.],[113. 558.],[114. 558.],[115. 558.],[116. 558.],[117. 558.],[118. 559.],[119. 559.],[120. 558.],[121. 558.],[122. 558.],[123. 557.],[124. 557.],[125. 557.],[126. 557.],[127. 557.],[128. 557.],[129. 557.],[130. 556.],[131. 556.],[132. 555.],[132. 555.]
[ 86 572],[ 86 573],[ 86 573],[ 86 574],[ 87 575],[ 87 576],[ 87 577],[ 87 578],[ 88 579],[ 88 580],[ 89 581],[ 89 582],[ 89 583],[ 89 584],[ 90 585],[ 90 586],[ 90 585]
[ 87. 572.],[ 87. 572.],[ 88. 572.],[ 89. 572.],[ 90. 572.],[ 91. 571.],[ 92. 571.],[ 93. 570.],[ 94. 570.],[ 95. 570.],[ 96. 570.],[ 97. 570.],[ 98. 569.],[ 99. 569.],[100. 569.],[101. 569.],[102. 568.],[103. 568.],[104. 568.],[105. 568.],[106. 567.],[107. 567.],[108. 566.],[109. 566.],[110. 566.],[111. 565.],[112. 565.],[113. 564.],[114. 564.],[115. 564.],[116. 563.],[117. 563.],[118. 563.],[119. 563.],[120. 563.],[120. 563.]
[ 88 520],[ 89 520],[ 88 520],[ 89 521],[ 89 520],[ 89 520]
[ 89 519],[ 90 519],[ 90 519],[ 91 519],[ 92 518],[ 93 518],[ 94 518],[ 95 518],[ 96 518],[ 97 518],[ 98 518],[ 99 517],[100 517],[101 517],[102 517],[103 516],[104 516],[105 516],[106 516],[107 515],[108 515],[109 515],[110 515],[111 515],[112 514],[113 514],[114 514],[115 513],[116 513],[117 513],[118 513],[119 513],[120 513],[121 513],[122 512],[123 512],[124 512],[125 512],[126 511],[126 510],[126 510]
[ 90 586],[ 90 587],[ 90 587],[ 90 588],[ 91 589],[ 91 590],[ 91 591],[ 91 592],[ 92 593],[ 92 594],[ 92 595],[ 92 596],[ 93 597],[ 93 598],[ 94 599],[ 94 599]
[ 91 586],[ 91 586],[ 92 586],[ 93 586],[ 94 586],[ 95 585],[ 96 585],[ 97 584],[ 98 584],[ 99 584],[100 583],[101 583],[102 583],[103 582],[104 582],[105 582],[106 581],[107 580],[108 580],[109 580],[110 580],[111 580],[112 579],[113 579],[114 579],[115 579],[116 578],[117 578],[118 578],[119 578],[120 578],[121 578],[122 577],[123 577],[124 577],[125 577],[126 577],[127 577],[128 577],[129 576],[130 576],[131 575],[132 575],[133 575],[134 575],[135 575],[136 574],[137 574],[138 574],[139 574],[140 574],[141 574],[142 574],[143 573],[144 573],[145 573],[146 573],[147 572],[148 572],[149 572],[150 571],[151 571],[152 570],[153 570],[154 570],[155 570],[156 570],[157 569],[158 569],[159 569],[160 569],[161 568],[162 568],[163 568],[164 567],[165 567],[166 566],[167 566],[168 565],[169 565],[168 565]
[ 94 600],[ 94 600],[ 95 601],[ 95 602],[ 96 603],[ 96 604],[ 96 605],[ 96 606],[ 96 607],[ 96 606]
[ 95. 599.],[ 95. 599.],[ 96. 599.],[ 97. 598.],[ 98. 598.],[ 99. 598.],[100. 597.],[101. 597.],[102. 596.],[103. 596.],[104. 596.],[105. 596.],[106. 595.],[107. 595.],[108. 595.],[109. 595.],[110. 594.],[111. 594.],[112. 594.],[113. 593.],[114. 593.],[115. 593.],[116. 592.],[117. 592.],[118. 592.],[119. 591.],[120. 591.],[121. 591.],[122. 590.],[123. 590.],[124. 590.],[125. 590.],[126. 590.],[127. 590.],[128. 590.],[129. 589.],[130. 590.],[130. 590.]
[ 96. 607.],[ 96. 608.],[ 96. 608.],[ 97. 609.],[ 97. 610.],[ 97. 611.],[ 98. 612.],[ 98. 613.],[ 98. 614.],[ 99. 615.],[100. 616.],[100. 617.],[101. 618.],[102. 619.],[103. 620.],[103. 620.]
[ 97. 607.],[ 97. 607.],[ 98. 607.],[ 99. 607.],[ 99. 607.]
[101. 492.],[101. 492.],[102. 492.],[103. 492.],[104. 492.],[105. 491.],[106. 491.],[107. 491.],[108. 491.],[109. 491.],[110. 491.],[111. 491.],[112. 491.],[113. 492.],[114. 492.],[115. 492.],[116. 492.],[117. 492.],[118. 492.],[119. 493.],[120. 493.],[121. 493.],[122. 493.],[123. 493.],[124. 493.],[125. 494.],[126. 494.],[127. 495.],[127. 495.]
[101. 606.],[101. 606.],[102. 606.],[103. 605.],[104. 605.],[105. 605.],[106. 605.],[107. 605.],[108. 604.],[109. 604.],[110. 603.],[111. 603.],[112. 603.],[113. 603.],[114. 602.],[115. 602.],[116. 601.],[117. 601.],[118. 601.],[119. 601.],[120. 600.],[121. 600.],[122. 600.],[123. 600.],[124. 599.],[125. 599.],[126. 599.],[127. 599.],[128. 598.],[129. 598.],[130. 598.],[131. 597.],[132. 597.],[133. 597.],[134. 596.],[135. 596.],[136. 596.],[137. 595.],[138. 595.],[139. 595.],[140. 595.],[141. 595.],[142. 594.],[143. 594.],[144. 594.],[145. 594.],[146. 593.],[147. 593.],[148. 593.],[149. 593.],[150. 592.],[151. 592.],[152. 592.],[153. 592.],[154. 591.],[155. 591.],[156. 591.],[157. 591.],[158. 590.],[159. 590.],[160. 590.],[161. 590.],[162. 589.],[163. 589.],[164. 589.],[165. 589.],[166. 588.],[167. 588.],[168. 587.],[169. 587.],[170. 587.],[171. 586.],[172. 586.],[173. 586.],[174. 586.],[175. 585.],[176. 585.],[177. 585.],[178. 585.],[177. 585.]
[103. 620.],[103. 620.],[103. 621.],[104. 622.],[105. 623.],[106. 624.],[107. 625.],[108. 626.],[109. 627.],[110. 628.],[111. 628.],[112. 629.],[113. 630.],[114. 631.],[115. 632.],[116. 632.],[117. 633.],[118. 634.],[119. 635.],[120. 636.],[121. 637.],[122. 638.],[123. 639.],[124. 640.],[125. 641.],[126. 642.],[127. 643.],[128. 644.],[129. 645.],[129. 646.],[130. 647.],[130. 648.],[131. 649.],[132. 650.],[132. 651.],[132. 652.],[133. 653.],[133. 654.],[134. 655.],[134. 656.],[135. 657.],[135. 658.],[136. 659.],[137. 660.],[138. 660.],[139. 661.],[140. 662.],[141. 662.],[141. 662.]
[103. 620.],[103. 620.],[104. 619.],[105. 619.],[106. 619.],[107. 618.],[108. 618.],[109. 618.],[110. 617.],[111. 617.],[112. 617.],[113. 616.],[114. 616.],[115. 616.],[116. 616.],[117. 616.],[118. 615.],[119. 615.],[120. 615.],[121. 615.],[122. 614.],[123. 614.],[124. 614.],[125. 614.],[126. 614.],[127. 613.],[128. 613.],[129. 613.],[130. 613.],[131. 612.],[132. 611.],[133. 611.],[134. 611.],[135. 611.],[136. 611.],[137. 610.],[138. 609.],[139. 609.],[140. 608.],[141. 608.],[142. 608.],[143. 608.],[144. 607.],[145. 607.],[146. 607.],[147. 606.],[148. 606.],[149. 606.],[150. 606.],[151. 605.],[152. 605.],[153. 605.],[154. 604.],[155. 604.],[156. 604.],[157. 604.],[158. 604.],[158. 604.]
[110 507],[111 507],[111 507],[112 507],[113 507],[114 507],[115 507],[115 507]
[116 507],[116 507],[117 508],[118 508],[119 508],[120 508],[119 508]
[120 507],[120 506],[120 506],[121 505],[122 505],[123 505],[124 505],[125 505],[126 505],[127 505],[128 505],[129 505],[130 505],[131 505],[132 505],[133 505],[134 505],[135 505],[136 505],[137 505],[138 504],[139 504],[140 504],[141 504],[142 504],[143 504],[144 504],[145 503],[146 503],[147 503],[146 503]
[120 508],[121 508],[121 508],[122 508],[123 509],[124 509],[125 509],[126 509],[125 509]
[120. 500.],[120. 500.],[121. 500.],[122. 500.],[123. 500.],[124. 500.],[125. 500.],[126. 501.],[127. 501.],[128. 502.],[129. 502.],[130. 502.],[131. 502.],[132. 501.],[133. 501.],[134. 500.],[135. 500.],[136. 500.],[137. 499.],[138. 499.],[139. 499.],[139. 499.]
[123. 363.],[123. 363.],[124. 364.],[125. 365.],[126. 365.],[127. 366.],[128. 367.],[129. 368.],[129. 369.],[130. 370.],[131. 371.],[132. 371.],[133. 372.],[133. 373.],[134. 374.],[134. 375.],[135. 376.],[136. 377.],[136. 378.],[136. 378.]
[126 509],[127 509],[127 509],[128 509],[129 509],[130 509],[131 509],[132 509],[133 509],[134 509],[135 509],[136 508],[137 509],[138 509],[139 509],[140 508],[141 508],[142 508],[143 509],[144 509],[145 509],[146 509],[147 509],[148 509],[149 509],[148 509]
[128. 514.],[128. 514.],[129. 513.],[130. 513.],[131. 513.],[132. 512.],[132. 512.]
[129. 538.],[129. 538.],[130. 538.],[131. 538.],[132. 537.],[133. 537.],[134. 537.],[135. 537.],[136. 536.],[137. 536.],[138. 536.],[139. 536.],[140. 536.],[140. 536.]
[135 516],[135 517],[136 517],[136 517],[137 517],[138 517],[139 517],[140 516],[141 516],[142 516],[141 516]
[136. 378.],[136. 378.],[137. 379.],[138. 380.],[139. 381.],[140. 382.],[141. 383.],[142. 384.],[143. 385.],[144. 386.],[145. 387.],[146. 388.],[147. 389.],[148. 390.],[149. 391.],[150. 391.],[151. 392.],[152. 393.],[153. 394.],[154. 395.],[155. 396.],[155. 397.],[156. 398.],[156. 399.],[157. 400.],[158. 401.],[159. 401.],[160. 402.],[161. 403.],[162. 404.],[163. 404.],[164. 405.],[165. 405.],[166. 406.],[167. 407.],[168. 408.],[169. 408.],[170. 409.],[171. 409.],[172. 410.],[173. 411.],[174. 412.],[175. 413.],[176. 414.],[177. 415.],[178. 416.],[179. 416.],[180. 417.],[181. 418.],[182. 419.],[183. 420.],[184. 421.],[185. 422.],[186. 423.],[187. 424.],[188. 425.],[189. 426.],[190. 427.],[190. 428.],[190. 429.],[191. 430.],[191. 431.],[192. 432.],[193. 433.],[193. 434.],[193. 434.]
[136. 553.],[136. 553.],[137. 553.],[138. 553.],[139. 553.],[140. 553.],[141. 553.],[142. 552.],[143. 552.],[144. 552.],[145. 552.],[146. 552.],[147. 552.],[148. 552.],[149. 551.],[150. 551.],[151. 550.],[152. 550.],[153. 550.],[154. 550.],[155. 550.],[156. 550.],[157. 549.],[158. 548.],[159. 548.],[160. 549.],[161. 549.],[162. 549.],[163. 548.],[164. 548.],[164. 548.]
[142 516],[143 516],[143 516],[144 516],[145 516],[146 516],[147 516],[148 516],[149 515],[150 515],[151 515],[152 515],[153 514],[154 513],[155 512],[155 512]
[142. 661.],[142. 661.],[143. 660.],[144. 660.],[145. 659.],[146. 659.],[147. 659.],[148. 659.],[149. 658.],[150. 658.],[151. 657.],[152. 657.],[153. 656.],[154. 655.],[155. 655.],[156. 654.],[157. 653.],[158. 653.],[159. 653.],[160. 653.],[161. 652.],[162. 652.],[163. 651.],[164. 650.],[165. 650.],[166. 649.],[166. 649.]
[142. 662.],[142. 662.],[143. 663.],[144. 664.],[145. 665.],[146. 665.],[147. 666.],[148. 666.],[149. 666.],[150. 667.],[151. 667.],[152. 667.],[153. 668.],[154. 668.],[155. 668.],[156. 668.],[157. 668.],[158. 669.],[159. 669.],[160. 670.],[161. 670.],[162. 671.],[163. 671.],[164. 671.],[165. 671.],[166. 671.],[167. 671.],[168. 671.],[169. 671.],[170. 671.],[171. 672.],[172. 672.],[173. 673.],[174. 673.],[175. 673.],[176. 673.],[177. 673.],[178. 673.],[179. 674.],[180. 674.],[181. 674.],[182. 674.],[183. 674.],[184. 674.],[184. 674.]
[145. 521.],[145. 521.],[146. 521.],[147. 521.],[148. 521.],[149. 520.],[150. 520.],[151. 519.],[152. 519.],[153. 518.],[154. 518.],[155. 519.],[156. 519.],[157. 519.],[157. 519.]
[147 503],[148 503],[148 503],[149 504],[150 504],[151 504],[152 503],[152 503],[152 502],[153 501],[152 501]
[149 532],[149 533],[149 533],[150 534],[151 534],[152 534],[153 534],[154 533],[155 533],[156 532],[157 532],[158 532],[159 532],[160 532],[161 532],[161 532]
[149. 531.],[150. 531.],[150. 531.],[151. 531.],[152. 530.],[153. 530.],[154. 529.],[155. 529.],[156. 528.],[156. 528.]
[149. 510.],[148. 512.],[148. 511.],[149. 510.],[148. 512.]
[149 509],[150 509],[150 509],[151 509],[152 509],[153 509],[153 509]
[152 501],[153 501],[152 502],[152 503],[152 503],[153 504],[153 505],[154 506],[154 507],[154 508],[154 508]
[154 499],[155 498],[155 499],[155 500],[155 498],[156 497],[157 496],[158 496],[159 496],[160 495],[161 495],[162 495],[163 495],[164 495],[165 494],[166 494],[167 494],[168 493],[169 493],[170 493],[171 493],[172 493],[173 493],[174 492],[175 492],[176 491],[177 491],[178 491],[179 491],[180 490],[181 490],[182 490],[183 490],[184 490],[185 490],[186 490],[187 490],[188 490],[188 490]
[151. 631.],[151. 631.],[152. 631.],[153. 631.],[154. 630.],[155. 630.],[156. 630.],[157. 631.],[158. 631.],[159. 630.],[160. 629.],[161. 629.],[162. 629.],[163. 628.],[164. 628.],[165. 627.],[166. 627.],[167. 626.],[168. 626.],[169. 625.],[170. 624.],[171. 623.],[172. 622.],[173. 621.],[174. 621.],[175. 620.],[175. 620.]
[154 509],[154 509],[155 510],[155 511],[155 511]
[153. 523.],[153. 523.],[154. 524.],[155. 524.],[156. 524.],[157. 524.],[158. 524.],[159. 524.],[159. 524.]
[156 512],[156 512],[157 513],[157 514],[157 515],[158 516],[158 517],[158 518],[158 518]
[158 519],[158 519],[159 520],[159 521],[160 522],[160 523],[160 524],[160 523]
[160 524],[160 525],[160 525],[161 526],[161 527],[161 528],[161 529],[162 530],[162 531],[162 532],[162 531]
[162 532],[162 533],[162 533],[162 534],[162 535],[163 536],[163 537],[163 538],[164 539],[164 540],[164 541],[164 542],[164 543],[164 544],[164 545],[164 546],[165 547],[165 548],[165 547]
[165 548],[165 549],[165 549],[166 550],[166 551],[166 552],[166 553],[166 554],[167 555],[167 556],[167 557],[167 558],[168 559],[168 560],[169 561],[169 562],[169 563],[169 564],[169 564]
[167. 656.],[167. 656.],[168. 655.],[169. 654.],[170. 654.],[171. 653.],[172. 652.],[173. 652.],[174. 651.],[175. 650.],[176. 650.],[177. 649.],[178. 648.],[179. 647.],[180. 647.],[181. 646.],[182. 645.],[183. 644.],[184. 643.],[185. 642.],[185. 641.],[186. 640.],[186. 640.]
[169 565],[170 565],[170 565],[171 566],[171 567],[172 568],[172 569],[173 570],[173 571],[174 572],[174 573],[175 574],[176 575],[176 576],[176 577],[177 578],[177 579],[178 580],[178 581],[178 582],[178 583],[178 584],[178 584]
[173. 609.],[173. 609.],[173. 610.],[173. 611.],[172. 612.],[173. 613.],[174. 614.],[175. 615.],[175. 616.],[175. 617.],[175. 618.],[175. 619.],[175. 620.],[175. 620.]
[174. 607.],[174. 607.],[174. 606.],[173. 605.],[173. 604.],[173. 603.],[173. 602.],[174. 601.],[175. 600.],[176. 600.],[177. 600.],[178. 599.],[179. 599.],[180. 599.],[181. 598.],[182. 598.],[182. 598.]
[175. 620.],[175. 620.],[176. 621.],[176. 622.],[177. 623.],[177. 624.],[178. 625.],[178. 625.]
[176. 482.],[176. 482.],[177. 483.],[178. 484.],[179. 485.],[179. 485.]
[178. 585.],[179. 585.],[179. 585.],[180. 585.],[181. 586.],[180. 587.],[180. 587.]
[179. 627.],[179. 627.],[179. 628.],[180. 629.],[180. 630.],[180. 631.],[181. 632.],[182. 632.],[183. 632.],[183. 632.]
[183. 597.],[183. 598.],[183. 594.],[183. 595.],[183. 596.],[183. 597.],[183. 594.]
[183. 598.],[183. 599.],[183. 599.],[184. 600.],[184. 601.],[185. 602.],[185. 603.],[186. 604.],[187. 605.],[187. 606.],[187. 607.],[188. 608.],[188. 608.]
[184. 674.],[184. 674.],[185. 673.],[185. 672.],[185. 672.]
[184. 674.],[184. 674.],[185. 675.],[186. 675.],[187. 675.],[188. 675.],[189. 675.],[190. 675.],[191. 675.],[192. 675.],[193. 675.],[194. 675.],[195. 675.],[196. 675.],[197. 676.],[198. 676.],[199. 676.],[200. 676.],[201. 676.],[202. 677.],[203. 677.],[204. 677.],[205. 676.],[206. 676.],[207. 676.],[208. 676.],[209. 675.],[210. 675.],[211. 675.],[212. 675.],[213. 675.],[214. 674.],[215. 674.],[216. 675.],[217. 675.],[218. 675.],[219. 675.],[220. 675.],[221. 675.],[222. 675.],[223. 675.],[224. 674.],[224. 674.],[224. 673.]
[186. 639.],[186. 639.],[186. 638.],[187. 637.],[187. 637.]
[187. 640.],[187. 640.],[188. 640.],[189. 641.],[190. 640.],[191. 640.],[191. 640.]
[189 489],[189 490],[189 489],[190 488],[191 488],[192 487],[193 486],[194 485],[195 485],[196 484],[197 484],[198 483],[199 482],[200 482],[201 481],[202 481],[203 481],[204 480],[205 479],[206 479],[207 479],[208 478],[209 478],[210 477],[211 476],[212 476],[213 476],[214 476],[215 475],[216 475],[217 474],[218 474],[219 473],[220 473],[221 473],[222 472],[223 471],[224 470],[225 469],[226 468],[227 468],[228 468],[229 467],[230 467],[231 467],[232 466],[233 465],[234 465],[235 465],[236 465],[237 464],[238 464],[239 464],[240 463],[241 462],[242 462],[243 461],[244 461],[245 461],[246 460],[247 460],[248 459],[249 459],[250 458],[251 457],[252 457],[253 457],[254 457],[255 457],[256 456],[257 456],[258 455],[259 455],[260 454],[261 453],[262 453],[263 453],[264 452],[265 451],[266 451],[267 451],[268 452],[269 453],[271 453],[269 453]
[189 490],[189 491],[189 491],[189 492],[189 493],[190 494],[190 495],[191 496],[192 497],[192 498],[192 499],[192 500],[192 501],[193 502],[193 503],[193 504],[193 505],[193 506],[194 507],[195 508],[195 509],[196 510],[196 511],[197 512],[197 513],[197 514],[198 515],[198 516],[199 517],[199 518],[200 519],[200 520],[200 521],[201 522],[201 523],[201 524],[202 525],[203 526],[203 527],[203 528],[204 529],[204 530],[204 531],[204 532],[204 533],[204 534],[204 535],[204 536],[205 537],[205 538],[205 539],[205 540],[206 541],[206 542],[206 543],[206 544],[206 545],[207 546],[207 547],[207 548],[208 549],[208 550],[208 551],[208 552],[209 553],[209 554],[209 555],[210 556],[210 557],[210 558],[210 559],[210 560],[210 561],[210 562],[211 563],[211 564],[212 565],[212 566],[212 567],[212 568],[213 569],[213 570],[214 571],[214 572],[214 573],[215 574],[216 575],[216 576],[217 577],[217 578],[217 579],[217 580],[218 581],[218 582],[219 583],[219 584],[219 585],[220 586],[220 587],[220 588],[221 589],[221 590],[222 591],[222 592],[222 593],[222 594],[222 595],[222 596],[222 597],[223 598],[223 599],[223 600],[223 601],[223 602],[223 602]
[191. 666.],[191. 666.],[192. 665.],[192. 664.],[193. 663.],[193. 662.],[194. 661.],[195. 660.],[195. 659.],[195. 658.],[196. 657.],[196. 656.],[196. 655.],[196. 654.],[197. 653.],[197. 652.],[198. 651.],[199. 650.],[199. 649.],[198. 648.],[197. 647.],[197. 647.]
[198. 616.],[198. 616.],[198. 617.],[198. 618.],[199. 619.],[199. 619.]
[199. 620.],[199. 620.],[199. 621.],[199. 622.],[199. 623.],[199. 624.],[199. 625.],[200. 626.],[201. 627.],[202. 627.],[203. 627.],[204. 628.],[205. 629.],[205. 630.],[205. 631.],[204. 632.],[204. 633.],[204. 634.],[204. 635.],[205. 636.],[205. 636.]
[200. 619.],[200. 619.],[201. 618.],[202. 617.],[203. 617.],[204. 616.],[205. 615.],[206. 614.],[207. 613.],[208. 612.],[209. 611.],[210. 610.],[210. 610.]
[200. 607.],[200. 607.],[201. 607.],[202. 607.],[203. 606.],[204. 606.],[205. 606.],[206. 606.],[207. 606.],[208. 607.],[209. 608.],[209. 609.],[210. 610.],[210. 610.]
[203. 340.],[203. 340.],[204. 340.],[205. 340.],[206. 340.],[207. 340.],[208. 340.],[209. 340.],[210. 340.],[211. 339.],[212. 340.],[213. 340.],[214. 340.],[215. 340.],[216. 340.],[217. 340.],[218. 340.],[219. 340.],[220. 340.],[221. 340.],[222. 340.],[223. 340.],[224. 340.],[225. 340.],[226. 340.],[227. 340.],[228. 340.],[229. 340.],[230. 340.],[231. 340.],[232. 341.],[233. 341.],[234. 341.],[235. 340.],[236. 340.],[237. 340.],[238. 340.],[239. 340.],[240. 340.],[241. 340.],[242. 340.],[243. 340.],[244. 341.],[245. 341.],[246. 341.],[247. 341.],[248. 341.],[249. 341.],[250. 341.],[251. 340.],[252. 340.],[253. 340.],[254. 340.],[255. 340.],[256. 340.],[257. 340.],[258. 340.],[259. 340.],[260. 340.],[261. 340.],[262. 340.],[263. 340.],[264. 340.],[265. 340.],[266. 340.],[267. 340.],[268. 340.],[269. 340.],[270. 340.],[271. 340.],[272. 340.],[273. 340.],[274. 340.],[275. 340.],[276. 340.],[277. 340.],[278. 340.],[279. 340.],[280. 340.],[281. 340.],[282. 340.],[283. 340.],[284. 340.],[285. 340.],[286. 340.],[287. 339.],[288. 339.],[289. 339.],[290. 339.],[291. 339.],[292. 340.],[293. 340.],[294. 340.],[295. 340.],[296. 340.],[297. 340.],[298. 340.],[299. 340.],[300. 340.],[301. 339.],[302. 339.],[303. 339.],[304. 339.],[305. 339.],[306. 339.],[307. 339.],[308. 340.],[309. 340.],[310. 340.],[311. 340.],[312. 340.],[313. 340.],[314. 340.],[315. 340.],[316. 339.],[317. 339.],[318. 339.],[319. 340.],[320. 340.],[321. 340.],[322. 340.],[323. 340.],[324. 341.],[325. 341.],[326. 341.],[327. 341.],[328. 341.],[329. 341.],[330. 341.],[331. 341.],[332. 341.],[333. 340.],[334. 339.],[335. 339.],[336. 338.],[337. 338.],[338. 337.],[339. 337.],[340. 336.],[341. 336.],[342. 335.],[342. 334.],[343. 333.],[343. 332.],[343. 332.]
[204. 642.],[204. 642.],[204. 641.],[204. 640.],[205. 639.],[205. 638.],[205. 637.],[205. 636.],[205. 636.]
[205. 636.],[205. 636.],[206. 635.],[207. 635.],[208. 634.],[208. 633.],[208. 632.],[208. 632.]
[210. 610.],[210. 610.],[211. 610.],[212. 610.],[213. 610.],[214. 610.],[215. 610.],[216. 610.],[215. 610.],[216. 611.],[216. 612.],[216. 613.]
[211. 629.],[211. 629.],[212. 628.],[213. 627.],[214. 626.],[214. 625.],[215. 624.],[214. 623.],[214. 622.],[214. 621.],[214. 620.],[214. 619.],[214. 618.],[215. 617.],[216. 614.],[215. 617.],[215. 616.],[215. 615.]
[212. 617.],[212. 617.],[213. 616.],[214. 616.],[216. 614.],[215. 616.],[215. 615.],[214. 616.]
[216 613],[216 612],[216 611],[216 610],[216 610],[217 609],[217 608],[218 607],[218 606],[219 605],[220 605],[221 605],[222 604],[223 603],[223 603]
[218 614],[218 615],[218 615],[219 616],[220 615],[220 615],[220 614],[219 614],[218 615],[218 614]
[218. 614.],[219. 614.],[220. 614.],[221. 614.],[221. 614.],[222. 614.],[223. 614.],[224. 614.],[224. 614.]
[220. 627.],[220. 627.],[221. 627.],[222. 628.],[223. 628.],[224. 629.],[225. 629.],[226. 629.],[227. 629.],[228. 630.],[229. 630.],[228. 630.]
[221. 637.],[221. 637.],[222. 636.],[223. 635.],[224. 635.],[224. 635.]
[224. 603.],[224. 603.],[225. 603.],[226. 604.],[227. 604.],[228. 605.],[228. 605.]
[224. 671.],[224. 672.],[224. 671.],[224. 670.],[224. 669.],[225. 668.],[226. 667.],[227. 666.],[228. 665.],[229. 664.],[230. 663.],[230. 663.]
[226 673],[226 673],[227 673],[228 673],[229 673],[230 673],[231 672],[232 672],[233 672],[234 671],[235 671],[236 670],[237 670],[238 669],[239 668],[240 668],[241 668],[242 668],[243 667],[244 666],[245 665],[246 664],[246 664],[246 663]
[228. 624.],[228. 624.],[229. 625.],[230. 626.],[230. 626.]
[231 626],[232 626],[233 627],[234 628],[234 629],[233 630],[232 630],[231 631]
[230 631],[230 632],[230 632],[230 633],[230 634],[230 635],[231 636],[231 637],[232 638],[232 639],[233 640],[234 640],[235 640],[236 639],[237 639],[236 639]
[234. 664.],[234. 664.],[235. 663.],[236. 662.],[236. 661.],[236. 660.],[236. 659.],[237. 658.],[238. 657.],[239. 656.],[239. 656.]
[235. 624.],[235. 624.],[236. 624.],[237. 623.],[238. 622.],[239. 622.],[240. 622.],[241. 622.],[242. 621.],[242. 621.]
[236. 605.],[236. 605.],[237. 605.],[238. 605.],[239. 605.],[238. 605.]
[237 639],[237 639],[238 640],[239 640],[240 640],[241 640],[242 641],[243 641],[244 641],[245 642],[246 642],[247 642],[246 642]
[239. 606.],[238. 610.],[239. 609.],[239. 608.],[239. 607.],[239. 606.],[238. 610.]
[239. 605.],[240. 605.],[240. 605.],[241. 604.],[242. 603.],[243. 602.],[244. 602.],[245. 602.],[246. 602.],[247. 602.],[248. 602.],[249. 602.],[249. 602.]
[240. 653.],[240. 653.],[241. 652.],[241. 651.],[242. 650.],[243. 649.],[244. 648.],[244. 648.],[244. 647.]
[241. 645.],[241. 645.],[242. 645.],[243. 645.],[244. 646.],[244. 647.],[244. 646.]
[245 646],[245 646],[246 646],[247 645],[247 644],[247 643],[247 643]
[245 648],[245 648],[246 649],[247 650],[248 650],[249 650],[250 649],[251 649],[252 648],[253 648],[254 648],[255 647],[256 647],[257 647],[258 647],[259 647],[260 647],[261 647],[262 647],[263 647],[264 648],[265 649],[266 649],[267 649],[268 650],[269 650],[270 650],[271 650],[272 649],[273 648],[274 648],[275 647],[275 646],[275 645],[275 645]
[244. 654.],[244. 654.],[245. 654.],[246. 655.],[246. 655.]
[247 642],[248 642],[248 642],[249 641],[250 640],[251 640],[252 639],[253 638],[254 638],[255 637],[256 637],[257 637],[258 637],[259 637],[259 637]
[246 662],[246 661],[246 660],[247 659],[247 658],[247 657],[247 656],[247 663]
[247. 655.],[247. 655.],[248. 654.],[248. 653.],[248. 653.]
[247 663],[247 663],[248 663],[249 663],[250 663],[251 663],[252 662],[253 662],[254 662],[255 663],[256 663],[257 663],[258 663],[259 663],[260 663],[261 662],[262 662],[263 662],[264 662],[265 662],[266 662],[267 662],[268 662],[269 662],[270 662],[271 663],[272 663],[273 664],[274 664],[275 664],[276 664],[277 664],[278 664],[279 664],[280 665],[281 666],[282 666],[283 666],[284 665],[285 664],[286 663],[287 663],[288 663],[289 663],[290 663],[291 662],[292 662],[293 662],[294 662],[295 661],[296 661],[297 661],[298 661],[299 661],[300 661],[301 661],[302 661],[303 661],[304 660],[305 660],[306 660],[307 659],[308 659],[309 659],[310 659],[311 659],[312 658],[313 658],[315 656],[314 658],[314 657],[313 658]
[248. 629.],[248. 629.],[249. 629.],[250. 629.],[251. 628.],[252. 627.],[253. 626.],[253. 625.],[254. 624.],[255. 623.],[256. 622.],[257. 622.],[258. 621.],[258. 621.]
[250. 583.],[250. 583.],[251. 583.],[252. 583.],[253. 583.],[253. 583.]
[251. 605.],[251. 605.],[252. 605.],[253. 605.],[254. 605.],[255. 605.],[256. 605.],[257. 605.],[258. 605.],[258. 605.]
[254. 594.],[254. 594.],[254. 593.],[255. 592.],[256. 591.],[256. 590.],[256. 589.],[256. 588.],[256. 587.],[257. 586.],[258. 586.],[259. 586.],[260. 587.],[261. 587.],[262. 587.],[263. 587.],[264. 587.],[265. 587.],[266. 586.],[267. 586.],[268. 586.],[269. 586.],[270. 587.],[271. 588.],[272. 589.],[273. 590.],[274. 590.],[275. 591.],[276. 592.],[277. 592.],[278. 593.],[279. 593.],[280. 594.],[281. 595.],[282. 595.],[283. 596.],[284. 597.],[284. 598.],[284. 597.]
[260. 636.],[260. 636.],[261. 635.],[262. 634.],[263. 633.],[264. 632.],[265. 631.],[266. 630.],[267. 629.],[268. 628.],[269. 627.],[270. 626.],[271. 625.],[272. 624.],[273. 624.],[274. 624.],[275. 624.],[276. 624.],[276. 624.]
[260 637],[260 637],[261 638],[262 638],[263 638],[264 638],[265 638],[266 639],[267 639],[268 639],[269 639],[270 640],[271 641],[272 641],[273 642],[274 643],[275 644],[275 644]
[261. 602.],[261. 602.],[262. 602.],[263. 602.],[263. 602.]
[271. 437.],[271. 437.],[272. 436.],[273. 436.],[273. 436.]
[269 454],[270 454],[271 454],[269 454],[268 455],[267 456],[266 457],[265 457],[264 458],[263 459],[262 460],[261 461],[261 462],[260 463],[259 464],[259 465],[258 466],[257 467],[256 468],[255 469],[254 470],[254 471],[254 472],[253 473],[253 474],[253 475],[253 476],[252 477],[252 478],[252 479],[251 480],[251 481],[251 482],[251 483],[251 484],[251 485],[251 486],[251 487],[251 488],[251 489],[251 490],[251 491],[251 492],[251 493],[251 494],[251 495],[251 496],[251 497],[251 498],[251 499],[252 500],[252 501],[252 502],[252 503],[253 504],[253 505],[253 506],[253 507],[253 508],[253 509],[253 510],[254 511],[254 512],[255 513],[256 514],[256 515],[257 516],[257 517],[258 518],[259 519],[260 520],[261 521],[262 522],[263 523],[264 523],[265 524],[265 525],[266 526],[267 527],[268 528],[268 529],[269 530],[269 531],[270 532],[271 533],[271 534],[272 535],[273 536],[273 537],[274 538],[275 538],[276 539],[277 540],[278 541],[278 542],[279 543],[280 544],[281 545],[282 546],[282 547],[283 548],[284 549],[284 550],[285 551],[286 552],[286 553],[287 554],[288 555],[288 556],[289 557],[289 558],[289 559],[290 560],[291 561],[292 562],[293 563],[293 564],[294 565],[295 566],[296 567],[296 568],[297 569],[298 570],[299 571],[300 572],[300 573],[301 574],[302 575],[303 576],[304 577],[305 578],[305 579],[305 580],[306 581],[307 581],[308 582],[309 583],[311 584],[310 583],[309 584],[309 583]
[272 454],[273 454],[274 454],[274 454],[275 454],[276 454],[277 453],[278 452],[279 451],[279 450],[280 449],[280 448],[281 447],[280 448],[280 447]
[272. 604.],[272. 604.],[273. 604.],[274. 604.],[275. 603.],[276. 603.],[277. 602.],[278. 602.],[279. 601.],[280. 601.],[281. 600.],[282. 600.],[283. 600.],[284. 599.],[284. 599.],[284. 598.]
[276 644],[276 644],[277 644],[278 643],[279 643],[280 642],[281 642],[282 641],[283 641],[284 641],[285 640],[286 640],[287 639],[288 639],[289 638],[290 638],[291 638],[292 638],[293 638],[294 637],[295 638],[296 638],[297 638],[298 637],[299 636],[300 636],[301 636],[302 636],[303 636],[304 636],[305 635],[306 634],[307 633],[308 632],[308 631],[309 630],[310 630],[311 629],[312 629],[311 629]
[276. 439.],[276. 439.],[277. 438.],[278. 438.],[278. 438.]
[282. 446.],[282. 445.],[282. 445.],[282. 444.],[283. 443.],[283. 442.],[283. 442.]
[282. 446.],[283. 446.],[283. 446.],[284. 446.],[285. 446.],[286. 447.],[287. 448.],[288. 449.],[288. 450.],[288. 450.]
[280. 622.],[280. 622.],[281. 623.],[282. 622.],[283. 622.],[283. 622.]
[283. 420.],[283. 420.],[284. 420.],[285. 420.],[286. 419.],[287. 418.],[288. 418.],[289. 417.],[290. 417.],[291. 417.],[292. 417.],[293. 416.],[294. 416.],[295. 416.],[296. 416.],[297. 415.],[298. 415.],[299. 415.],[300. 415.],[301. 415.],[302. 414.],[303. 414.],[304. 413.],[305. 413.],[306. 413.],[307. 412.],[308. 412.],[309. 413.],[310. 413.],[310. 413.]
[285 598],[285 598],[286 598],[287 598],[288 599],[289 600],[290 601],[291 601],[292 601],[293 602],[294 602],[295 603],[296 603],[297 604],[298 604],[299 605],[300 606],[301 607],[301 607]
[284. 634.],[284. 634.],[285. 634.],[286. 633.],[286. 633.]
[285. 661.],[285. 661.],[285. 660.],[286. 659.],[286. 658.],[286. 658.]
[288. 436.],[288. 436.],[289. 435.],[290. 435.],[291. 435.],[292. 434.],[293. 434.],[294. 433.],[294. 433.]
[289. 518.],[289. 518.],[289. 517.],[290. 516.],[290. 515.],[291. 514.],[291. 513.],[292. 512.],[292. 511.],[293. 510.],[294. 509.],[294. 508.],[294. 507.],[295. 506.],[295. 505.],[296. 504.],[296. 503.],[296. 502.],[297. 501.],[298. 500.],[298. 499.],[299. 498.],[299. 497.],[299. 496.],[298. 495.],[298. 494.],[298. 493.],[297. 492.],[297. 491.],[296. 490.],[296. 489.],[296. 488.],[296. 487.],[296. 486.],[296. 485.],[296. 484.],[296. 483.],[296. 482.],[295. 481.],[295. 480.],[295. 479.],[294. 478.],[294. 477.],[294. 476.],[293. 475.],[293. 474.],[292. 473.],[292. 472.],[292. 471.],[292. 470.],[292. 469.],[292. 468.],[292. 467.],[292. 466.],[292. 465.],[292. 464.],[292. 463.],[292. 462.],[292. 461.],[292. 460.],[292. 459.],[292. 458.],[292. 457.],[292. 456.],[292. 455.],[291. 454.],[291. 453.],[292. 452.],[293. 451.],[294. 450.],[294. 449.],[295. 448.],[295. 447.],[296. 446.],[296. 445.],[297. 444.],[298. 443.],[299. 443.],[300. 443.],[301. 443.],[302. 442.],[303. 442.],[304. 442.],[305. 441.],[306. 440.],[307. 440.],[308. 439.],[309. 438.],[310. 438.],[311. 438.],[312. 438.],[313. 437.],[314. 437.],[315. 437.],[316. 436.],[317. 436.],[318. 436.],[319. 435.],[320. 435.],[319. 435.],[320. 434.],[319. 434.]
[289. 620.],[289. 620.],[290. 620.],[291. 619.],[292. 618.],[293. 617.],[293. 617.]
[289. 646.],[289. 646.],[289. 647.],[290. 648.],[290. 648.]
[292. 626.],[292. 626.],[293. 627.],[293. 628.],[293. 628.]
[292. 648.],[292. 648.],[293. 649.],[293. 650.],[293. 651.],[292. 652.],[292. 653.],[292. 653.]
[295. 624.],[295. 624.],[296. 624.],[297. 624.],[298. 623.],[299. 622.],[300. 622.],[301. 621.],[302. 621.],[303. 620.],[304. 620.],[305. 619.],[306. 618.],[307. 617.],[308. 617.],[309. 616.],[309. 615.],[309. 615.],[309. 614.],[309. 612.]
[296. 648.],[296. 648.],[296. 647.],[296. 646.],[297. 645.],[298. 644.],[299. 643.],[300. 642.],[301. 641.],[301. 640.],[301. 640.]
[297. 612.],[297. 612.],[297. 611.],[298. 610.],[299. 609.],[300. 609.],[301. 608.],[301. 608.]
[302 608],[302 608],[303 608],[304 608],[305 608],[306 609],[307 609],[309 611],[308 611],[308 610],[308 609],[307 609]
[302. 502.],[302. 502.],[302. 501.],[302. 500.],[303. 499.],[304. 499.],[305. 499.],[305. 499.]
[306 505],[306 506],[306 500],[306 501],[306 502],[306 503],[306 504],[306 505],[306 500]
[306 506],[306 506],[307 507],[308 508],[308 509],[308 510],[309 511],[310 512],[311 513],[312 514],[313 515],[313 516],[313 517],[314 518],[315 518],[314 518]
[306 499],[306 499],[307 498],[307 497],[307 496],[307 495],[308 494],[309 493],[310 492],[310 491],[311 490],[312 489],[312 488],[313 487],[314 486],[315 485],[316 484],[317 484],[318 482],[318 484],[318 483],[317 484]
[306. 459.],[306. 459.],[307. 458.],[308. 458.],[309. 459.],[310. 459.],[311. 459.],[312. 460.],[313. 461.],[314. 462.],[315. 463.],[316. 464.],[316. 465.],[317. 466.],[317. 467.],[317. 468.],[317. 469.],[317. 470.],[317. 471.],[317. 472.],[317. 473.],[317. 474.],[317. 475.],[317. 476.],[317. 477.],[317. 478.],[317. 479.],[318. 480.],[318. 480.],[318. 481.]
[310 613],[311 612],[310 614],[311 613],[311 614],[312 614],[312 614],[313 614],[314 615],[315 615],[316 615],[315 615]
[312 585],[312 586],[312 586],[313 587],[314 588],[315 588],[314 589],[314 588]
[312 628],[312 628],[312 627],[312 626],[313 625],[313 624],[314 623],[315 623],[316 622],[317 622],[318 621],[319 620],[320 620],[319 620]
[312 629],[313 629],[313 629],[314 630],[315 631],[315 631]
[312. 636.],[312. 636.],[313. 635.],[314. 634.],[315. 633.],[315. 632.],[315. 632.]
[314 657],[314 658],[315 656],[314 658],[315 659],[316 659],[317 660],[318 660],[319 661],[320 661],[321 661],[322 661],[323 661],[324 661],[325 661],[326 661],[327 662],[328 662],[329 662],[330 662],[331 663],[332 663],[333 664],[334 664],[335 664],[336 665],[337 665],[338 665],[339 665],[340 665],[341 665],[342 665],[343 665],[344 665],[345 665],[346 665],[347 665],[348 665],[349 665],[350 665],[351 664],[352 664],[353 664],[354 663],[355 663],[354 663]
[316 654],[317 655],[317 654],[317 654],[318 653],[318 652],[319 651],[319 650],[319 649],[319 648],[320 647],[321 646],[321 645],[322 644],[322 643],[323 642],[324 641],[324 640],[325 639],[325 638],[325 637],[326 636],[326 636],[326 635]
[315. 518.],[315. 519.],[315. 519.],[316. 520.],[317. 521.],[318. 522.],[319. 522.],[320. 523.],[321. 524.],[321. 525.],[322. 526.],[322. 527.],[323. 528.],[323. 529.],[323. 530.],[324. 531.],[324. 532.],[324. 533.],[324. 534.],[324. 535.],[324. 536.],[325. 537.],[325. 538.],[325. 539.],[326. 540.],[326. 541.],[326. 542.],[325. 543.],[325. 544.],[325. 545.],[324. 546.],[324. 547.],[324. 548.],[324. 549.],[323. 550.],[323. 551.],[323. 552.],[323. 552.]
[316 590],[316 591],[316 591],[316 592],[317 593],[318 594],[318 595],[319 596],[320 597],[321 597],[322 598],[322 599],[323 600],[324 601],[325 602],[326 603],[327 604],[328 604],[329 605],[330 606],[331 606],[332 607],[333 607],[334 608],[335 609],[336 609],[337 610],[337 611],[337 612],[338 613],[339 614],[339 615],[339 616],[339 617],[339 618],[339 619],[339 620],[340 621],[343 621],[340 621]
[317 617],[318 616],[318 617],[318 617],[319 618],[320 619],[320 619]
[316 631],[316 631],[317 630],[318 630],[319 629],[320 628],[321 627],[322 626],[323 625],[324 624],[325 623],[325 623]
[318 483],[318 484],[318 482],[318 484],[319 485],[319 486],[319 487],[319 488],[319 489],[320 490],[320 491],[320 492],[320 493],[320 494],[320 495],[321 496],[322 497],[323 498],[324 499],[325 500],[325 501],[326 502],[326 503],[326 504],[327 505],[327 506],[328 507],[329 508],[329 509],[329 510],[330 511],[330 512],[330 513],[331 514],[331 515],[331 516],[331 517],[331 518],[331 519],[331 520],[331 521],[331 522],[331 523],[331 524],[331 525],[331 526],[331 527],[331 528],[331 529],[332 530],[332 531],[332 532],[332 533],[333 534],[333 535],[333 536],[334 537],[334 538],[334 539],[335 540],[335 541],[336 542],[336 543],[336 544],[337 545],[338 546],[339 547],[339 548],[340 549],[341 550],[342 550],[343 551],[343 552],[343 553],[343 554],[343 555],[344 556],[344 557],[344 558],[344 559],[344 559]
[320 481],[319 480],[320 480],[321 480],[321 480],[322 479],[322 478],[323 477],[324 477],[325 476],[326 476],[327 475],[328 474],[329 473],[330 473],[331 472],[332 472],[333 472],[332 472]
[320 434],[320 435],[320 435],[321 436],[322 437],[323 438],[323 438]
[321 432],[321 433],[322 432],[322 432],[323 432],[324 432],[325 432],[326 432],[325 432]
[319. 445.],[319. 445.],[320. 445.],[321. 444.],[322. 444.],[323. 444.],[324. 444.],[323. 444.]
[320 620],[321 620],[321 620],[322 620],[323 620],[324 621],[325 622],[325 622]
[320. 407.],[320. 407.],[321. 407.],[322. 406.],[323. 406.],[324. 406.],[325. 405.],[326. 405.],[327. 404.],[328. 404.],[329. 403.],[330. 403.],[331. 402.],[332. 402.],[333. 402.],[334. 401.],[335. 400.],[336. 399.],[337. 398.],[338. 398.],[339. 397.],[340. 397.],[341. 397.],[342. 396.],[343. 396.],[344. 395.],[345. 395.],[345. 395.]
[324. 437.],[324. 438.],[324. 437.],[325. 436.],[326. 436.],[327. 435.],[327. 435.]
[324 438],[324 439],[324 439],[324 440],[324 441],[324 442],[324 443],[324 443]
[324. 444.],[325. 444.],[325. 444.],[326. 444.],[327. 445.],[328. 446.],[329. 447.],[330. 448.],[330. 449.],[331. 450.],[332. 451.],[332. 452.],[332. 453.],[332. 454.],[333. 455.],[333. 456.],[333. 456.]
[326. 432.],[326. 433.],[326. 433.],[326. 434.],[327. 435.],[327. 435.]
[326. 431.],[327. 431.],[327. 431.],[328. 430.],[329. 429.],[329. 429.]
[326 623],[326 623],[327 623],[328 623],[329 623],[330 624],[331 625],[332 625],[333 625],[334 625],[333 625]
[325. 656.],[325. 656.],[326. 655.],[326. 654.],[326. 654.]
[327 635],[327 635],[328 635],[329 634],[330 633],[330 632],[330 632]
[326 649],[326 649],[325 650],[326 651],[327 650],[327 650]
[327. 649.],[327. 649.],[328. 648.],[328. 647.],[329. 646.],[329. 645.],[330. 644.],[331. 643.],[332. 643.],[333. 642.],[334. 641.],[334. 640.],[335. 639.],[336. 638.],[337. 637.],[338. 636.],[339. 635.],[340. 634.],[340. 633.],[341. 632.],[341. 631.],[341. 630.],[341. 629.],[341. 628.],[341. 628.]
[327. 435.],[327. 435.],[328. 435.],[329. 435.],[330. 435.],[330. 435.]
[331 631],[331 631],[332 630],[332 629],[333 628],[333 627],[334 626],[334 626]
[333. 472.],[334. 471.],[334. 471.],[335. 472.],[336. 473.],[336. 474.],[335. 475.],[335. 475.]
[333 472],[334 471],[334 471],[334 470],[335 469],[336 468],[337 467],[338 466],[339 465],[340 464],[341 463],[342 462],[343 462],[344 462],[345 462],[346 461],[347 460],[348 459],[349 459],[350 459],[349 459]
[334 625],[335 625],[335 625],[336 625],[337 624],[338 624],[339 623],[340 622],[343 622],[342 622],[341 622],[340 622]
[335. 475.],[335. 475.],[335. 476.],[336. 477.],[336. 478.],[336. 479.],[337. 480.],[337. 481.],[338. 482.],[338. 483.],[339. 484.],[339. 485.],[340. 486.],[341. 487.],[342. 488.],[342. 489.],[343. 490.],[344. 491.],[344. 492.],[345. 493.],[345. 494.],[346. 495.],[346. 496.],[346. 497.],[347. 498.],[347. 499.],[348. 500.],[348. 501.],[349. 502.],[349. 503.],[349. 504.],[349. 505.],[350. 506.],[351. 507.],[351. 508.],[351. 509.],[352. 510.],[352. 511.],[352. 512.],[352. 513.],[352. 514.],[352. 515.],[351. 516.],[351. 517.],[351. 518.],[351. 519.],[350. 520.],[350. 521.],[350. 522.],[350. 523.],[350. 524.],[350. 525.],[350. 526.],[350. 527.],[350. 528.],[350. 529.],[350. 530.],[350. 531.],[350. 532.],[350. 533.],[350. 534.],[350. 535.],[350. 536.],[351. 537.],[351. 538.],[351. 539.],[351. 540.],[351. 541.],[351. 542.],[352. 543.],[352. 544.],[352. 545.],[352. 546.],[352. 547.],[352. 548.],[352. 548.]
[336. 436.],[336. 436.],[337. 436.],[338. 437.],[339. 437.],[340. 437.],[341. 436.],[342. 435.],[343. 434.],[344. 433.],[344. 433.]
[343. 622.],[343. 623.],[343. 623.],[344. 624.],[345. 625.],[345. 625.]
[344 621],[345 621],[346 620],[346 621],[346 620],[346 619],[346 618],[346 617],[345 616],[345 615],[345 614],[345 613],[346 612],[347 611],[347 611]
[344. 621.],[345. 621.],[346. 621.],[347. 621.],[347. 621.],[348. 622.],[349. 623.],[349. 624.],[349. 625.],[349. 626.],[349. 627.],[348. 628.],[348. 629.],[348. 630.],[348. 631.],[348. 632.],[347. 633.],[347. 634.],[347. 635.],[347. 636.],[347. 636.]
[342. 649.],[342. 649.],[342. 648.],[343. 647.],[343. 646.],[343. 645.],[343. 644.],[343. 643.],[343. 643.]
[343. 328.],[343. 328.],[344. 327.],[345. 326.],[346. 325.],[347. 325.],[348. 324.],[349. 324.],[350. 324.],[351. 323.],[352. 323.],[353. 323.],[354. 323.],[355. 323.],[356. 323.],[357. 323.],[358. 323.],[359. 323.],[360. 322.],[361. 323.],[362. 323.],[363. 323.],[364. 323.],[365. 322.],[366. 322.],[367. 322.],[368. 322.],[369. 322.],[370. 322.],[371. 322.],[372. 322.],[373. 322.],[374. 322.],[375. 322.],[376. 322.],[377. 322.],[378. 322.],[379. 322.],[380. 322.],[381. 322.],[382. 322.],[383. 322.],[384. 322.],[385. 322.],[386. 322.],[387. 322.],[388. 322.],[389. 322.],[390. 322.],[391. 322.],[392. 322.],[393. 323.],[394. 323.],[395. 323.],[396. 323.],[397. 323.],[398. 323.],[399. 323.],[400. 323.],[401. 323.],[402. 323.],[403. 323.],[404. 324.],[405. 324.],[406. 324.],[407. 324.],[408. 324.],[409. 324.],[410. 324.],[411. 324.],[412. 324.],[413. 324.],[414. 324.],[415. 324.],[416. 324.],[417. 324.],[418. 324.],[419. 324.],[420. 324.],[421. 324.],[422. 324.],[423. 324.],[424. 325.],[425. 325.],[426. 325.],[427. 325.],[428. 325.],[429. 325.],[430. 326.],[430. 326.]
[344 560],[344 560],[345 561],[346 562],[346 563],[346 564],[346 563],[345 564]
[343 564],[343 565],[344 564],[343 565],[342 566],[342 567],[342 568],[342 569],[343 570],[344 571],[344 571]
[345. 564.],[346. 564.],[346. 564.],[347. 565.],[348. 566.],[348. 567.],[348. 568.],[348. 569.],[348. 569.]
[344 638],[345 638],[345 638],[346 639],[346 640],[346 641],[345 642],[345 642],[344 642]
[345. 643.],[345. 643.],[346. 644.],[346. 645.],[346. 646.],[346. 647.],[346. 648.],[345. 649.],[345. 649.]
[344. 433.],[344. 433.],[345. 432.],[345. 431.],[345. 430.],[345. 429.],[345. 429.]
[344. 433.],[344. 433.],[345. 434.],[346. 434.],[347. 434.],[348. 435.],[348. 435.]
[344 572],[344 572],[344 573],[344 574],[344 575],[344 576],[345 577],[345 578],[345 579],[345 578]
[345. 571.],[345. 571.],[346. 570.],[347. 570.],[348. 569.],[348. 569.]
[345 579],[345 580],[345 580],[345 581],[345 582],[345 583],[345 584],[346 585],[346 586],[346 587],[346 588],[346 589],[346 590],[347 591],[347 592],[348 593],[349 594],[349 595],[349 596],[349 595]
[346 579],[346 579],[347 579],[348 579],[349 579],[348 579]
[347 610],[347 610],[347 609],[347 608],[347 607],[347 606],[347 605],[347 604],[347 603],[347 602],[348 601],[348 600],[348 599],[348 598],[349 597],[349 597],[349 596]
[348. 611.],[348. 611.],[349. 611.],[350. 612.],[351. 613.],[352. 614.],[352. 615.],[353. 616.],[354. 617.],[354. 618.],[355. 619.],[355. 620.],[356. 621.],[357. 622.],[357. 623.],[358. 624.],[358. 625.],[358. 626.],[358. 627.],[358. 628.],[359. 629.],[359. 630.],[359. 631.],[359. 632.],[359. 633.],[360. 634.],[360. 635.],[360. 636.],[359. 637.],[359. 638.],[358. 639.],[358. 640.],[359. 641.],[359. 642.],[360. 643.],[360. 644.],[360. 645.],[360. 646.],[360. 647.],[360. 648.],[360. 649.],[360. 650.],[360. 651.],[360. 652.],[359. 653.],[360. 654.],[360. 654.]
[349. 435.],[349. 435.],[350. 434.],[351. 434.],[352. 434.],[353. 434.],[354. 434.],[355. 433.],[356. 433.],[357. 433.],[357. 433.]
[348. 569.],[348. 569.],[349. 570.],[349. 571.],[349. 572.],[350. 573.],[351. 574.],[352. 575.],[352. 576.],[353. 577.],[353. 578.],[353. 578.]
[349 580],[349 580],[350 581],[350 582],[350 583],[350 584],[350 585],[351 586],[351 587],[352 588],[353 589],[353 590],[354 591],[355 592],[356 593],[357 594],[358 595],[359 596],[360 597],[360 598],[361 599],[361 600],[362 601],[362 602],[363 603],[364 604],[365 605],[365 606],[366 607],[367 608],[367 609],[367 610],[367 609]
[349 579],[350 579],[350 579],[351 579],[352 579],[352 579]
[351 458],[351 459],[351 458],[351 457],[352 456],[353 455],[354 455],[355 455],[356 454],[357 453],[358 452],[359 451],[360 451],[361 451],[362 450],[363 450],[364 450],[365 450],[366 449],[367 449],[368 449],[369 449],[370 448],[371 448],[372 448],[373 448],[373 448]
[351 461],[352 460],[352 461],[352 462],[352 462],[352 463],[353 464],[354 465],[354 466],[355 467],[356 468],[357 469],[357 470],[358 471],[358 472],[358 473],[359 474],[359 475],[360 476],[361 477],[361 478],[361 479],[362 480],[362 481],[362 482],[363 483],[364 484],[364 485],[364 486],[365 487],[365 488],[366 489],[367 490],[367 491],[368 492],[369 493],[369 494],[370 495],[370 496],[371 497],[371 498],[370 499],[370 500],[370 501],[370 502],[370 503],[369 504],[369 505],[369 506],[369 507],[369 508],[369 509],[369 510],[369 511],[369 512],[369 513],[369 514],[368 515],[368 516],[368 517],[368 518],[368 519],[368 520],[368 520]
[350 596],[350 596],[351 596],[352 597],[353 598],[354 599],[355 600],[355 601],[356 602],[357 603],[357 604],[358 605],[359 606],[359 607],[359 608],[360 609],[360 610],[360 611],[360 612],[361 613],[361 614],[362 615],[363 616],[364 617],[366 617],[365 617],[364 617]
[352 549],[352 549],[351 550],[350 551],[350 552],[351 553],[351 554],[351 555],[352 556],[352 557],[352 558],[353 559],[353 560],[354 561],[354 562],[354 563],[354 564],[355 565],[356 566],[357 567],[357 568],[358 569],[359 570],[360 571],[360 572],[361 573],[362 574],[362 575],[363 576],[364 577],[365 578],[366 579],[367 580],[368 581],[368 582],[369 583],[369 584],[370 585],[371 586],[372 587],[373 588],[374 589],[374 590],[374 591],[374 592],[375 593],[376 594],[375 594],[375 593]
[353 549],[353 549],[354 550],[355 551],[356 551],[357 551],[356 551]
[353 579],[353 579],[354 580],[355 581],[355 582],[356 583],[357 584],[357 585],[358 586],[359 587],[359 588],[360 589],[361 590],[361 591],[362 592],[363 593],[364 594],[365 595],[365 596],[366 597],[367 598],[367 599],[367 600],[368 601],[369 602],[369 603],[370 604],[371 605],[371 606],[372 607],[373 608],[374 609],[374 608],[373 608]
[353. 391.],[353. 391.],[353. 390.],[354. 389.],[355. 389.],[356. 389.],[357. 388.],[358. 388.],[359. 387.],[360. 387.],[361. 386.],[362. 385.],[363. 385.],[364. 384.],[365. 384.],[366. 385.],[366. 386.],[366. 386.]
[355. 662.],[355. 663.],[355. 658.],[355. 659.],[355. 660.],[355. 661.],[355. 662.],[355. 658.]
[356 663],[357 663],[357 663],[358 662],[359 662],[360 661],[361 661],[362 660],[363 660],[364 660],[365 659],[366 658],[367 658],[368 657],[369 656],[370 656],[371 656],[372 656],[373 655],[374 654],[375 654],[376 654],[377 653],[378 652],[379 651],[379 650],[380 649],[380 648],[381 647],[382 646],[383 645],[383 645],[383 644]
[356. 663.],[357. 663.],[357. 664.],[357. 664.],[358. 665.],[359. 666.],[359. 666.]
[357 551],[357 552],[357 552],[357 553],[358 554],[359 555],[359 555]
[357. 655.],[357. 655.],[357. 656.],[357. 657.],[357. 657.]
[359 556],[359 556],[359 557],[359 558],[359 559],[360 560],[361 561],[361 562],[361 563],[362 564],[363 565],[363 566],[364 567],[364 568],[365 569],[365 570],[366 571],[366 572],[367 573],[368 574],[368 575],[369 576],[370 577],[371 578],[372 578],[373 579],[374 580],[375 581],[376 582],[377 583],[378 584],[384 584],[380 584],[379 584],[378 584]
[363. 640.],[363. 640.],[364. 640.],[365. 641.],[366. 642.],[367. 643.],[368. 644.],[369. 645.],[370. 646.],[370. 646.]
[364. 430.],[364. 430.],[363. 430.],[362. 429.],[362. 428.],[362. 427.],[362. 426.],[362. 425.],[363. 424.],[363. 423.],[364. 422.],[364. 421.],[364. 420.],[364. 419.],[364. 418.],[364. 417.],[364. 416.],[364. 415.],[365. 414.],[365. 414.]
[365 430],[366 430],[366 430],[367 430],[368 430],[369 430],[370 430],[371 430],[372 430],[373 430],[374 430],[373 430]
[365. 617.],[365. 618.],[366. 617.],[365. 618.],[365. 619.],[366. 620.],[367. 621.],[368. 622.],[368. 623.],[368. 624.],[369. 625.],[369. 626.],[369. 627.],[369. 628.],[369. 629.],[369. 630.],[370. 631.],[371. 632.],[371. 633.],[372. 634.],[373. 635.],[373. 636.],[374. 637.],[375. 638.],[375. 639.],[376. 640.],[377. 641.],[377. 642.],[377. 643.],[377. 644.],[377. 644.]
[367 616],[367 615],[367 614],[367 611],[367 612],[367 613],[367 614],[367 611],[367 610]
[367. 616.],[367. 615.],[368. 615.],[368. 615.],[369. 615.],[370. 616.],[370. 616.]
[366 533],[367 533],[366 533],[365 534],[365 535],[365 536],[365 537],[365 538],[366 539],[367 540],[367 541],[368 542],[368 543],[369 544],[369 545],[369 546],[370 547],[370 548],[370 549],[370 550],[371 551],[371 552],[372 553],[372 554],[373 555],[373 556],[374 557],[375 558],[376 559],[377 560],[378 561],[379 561],[380 562],[381 563],[382 564],[383 564],[384 565],[385 566],[386 567],[386 567]
[367. 532.],[367. 532.],[367. 531.],[367. 530.],[367. 529.],[368. 528.],[368. 528.]
[367 533],[368 533],[368 533],[369 533],[370 533],[371 534],[372 535],[374 535],[373 535],[372 535]
[366. 558.],[366. 558.],[367. 559.],[368. 560.],[368. 560.]
[367. 521.],[368. 521.],[367. 521.],[366. 522.],[366. 523.],[366. 524.],[366. 525.],[366. 526.],[367. 527.],[368. 528.],[368. 528.]
[368 521],[369 521],[369 521],[370 521],[371 522],[372 523],[372 524],[372 525],[373 526],[373 527],[373 528],[373 527]
[368. 528.],[368. 528.],[369. 528.],[370. 528.],[371. 528.],[372. 528.],[372. 528.]
[368 560],[368 560],[368 561],[368 562],[369 563],[369 564],[370 565],[370 566],[370 567],[371 568],[371 569],[372 570],[373 571],[374 572],[375 573],[376 574],[377 575],[378 576],[379 577],[380 578],[381 579],[381 580],[381 581],[384 581],[383 583],[383 582],[383 581],[381 581],[382 582],[381 582],[381 583]
[370. 418.],[370. 418.],[371. 417.],[371. 416.],[372. 415.],[372. 414.],[372. 413.],[373. 412.],[373. 411.],[374. 410.],[374. 410.]
[373 528],[373 529],[373 529],[374 530],[375 531],[375 532],[376 533],[376 534],[376 535],[376 534],[375 535]
[375 535],[376 535],[376 535],[377 536],[377 537],[377 538],[377 539],[377 538],[376 539]
[374 430],[375 430],[375 430],[376 430],[377 430],[378 430],[379 430],[380 430],[381 430],[382 430],[381 430]
[374 447],[374 448],[374 447],[375 446],[376 446],[377 445],[378 445],[379 445],[380 445],[381 445],[382 445],[383 445],[384 444],[385 443],[386 443],[387 443],[388 443],[389 444],[390 444],[390 444]
[374 448],[374 449],[374 449],[374 450],[374 451],[374 452],[375 453],[375 454],[376 455],[376 456],[377 457],[377 458],[377 459],[378 460],[378 461],[378 462],[378 463],[379 464],[379 465],[379 466],[379 467],[379 468],[379 469],[379 470],[379 471],[379 472],[380 473],[381 474],[381 475],[381 476],[382 477],[382 478],[382 479],[382 480],[383 481],[383 482],[383 483],[384 484],[384 485],[384 486],[384 487],[384 488],[384 489],[385 490],[385 491],[385 492],[385 493],[385 494],[385 495],[385 496],[386 497],[386 498],[387 499],[387 500],[387 501],[387 502],[388 503],[388 504],[388 505],[388 506],[388 507],[389 508],[389 509],[389 510],[389 511],[389 512],[389 513],[389 514],[389 515],[389 516],[389 517],[389 518],[389 519],[389 520],[389 521],[389 522],[388 523],[388 524],[388 525],[388 526],[388 527],[389 528],[389 529],[389 530],[389 531],[389 530]
[374. 609.],[374. 610.],[374. 611.],[373. 613.],[373. 612.],[374. 611.],[373. 613.]
[374 607],[374 608],[374 609],[374 607],[375 606],[376 605],[376 604],[376 604],[376 603]
[374. 609.],[374. 610.],[375. 610.],[375. 610.],[376. 610.],[377. 610.],[378. 611.],[379. 612.],[380. 612.],[381. 613.],[382. 613.],[383. 613.],[384. 614.],[385. 615.],[386. 616.],[387. 616.],[388. 617.],[389. 617.],[389. 617.]
[374 409],[374 409],[374 408],[374 407],[375 406],[375 406]
[375. 410.],[375. 410.],[376. 410.],[377. 410.],[377. 410.]
[375 539],[375 540],[375 540],[375 541],[375 542],[375 543],[376 544],[377 544],[376 544]
[376 539],[377 539],[377 539],[378 540],[379 540],[380 541],[381 542],[381 542]
[374. 648.],[374. 648.],[374. 649.],[374. 650.],[374. 650.]
[375 405],[375 405],[376 404],[376 403],[376 402],[376 401],[376 400],[377 399],[377 398],[378 397],[378 397]
[376. 406.],[376. 406.],[377. 407.],[378. 408.],[378. 408.]
[375 594],[376 594],[375 594],[374 595],[375 596],[376 595],[376 595]
[376 595],[376 602],[375 601],[376 600],[377 599],[378 598],[378 597],[378 596],[377 603]
[377 595],[378 595],[379 595],[379 595],[380 595],[381 595],[382 595],[381 595]
[377 545],[377 545],[377 546],[378 547],[378 548],[379 549],[380 550],[381 551],[382 552],[383 552],[384 552],[383 552]
[377 544],[378 544],[378 544],[379 543],[380 543],[381 543],[380 543]
[377 603],[377 603],[378 603],[379 603],[379 603]
[377. 410.],[377. 410.],[378. 409.],[378. 408.],[378. 408.]
[377. 410.],[377. 410.],[378. 411.],[379. 412.],[380. 412.],[381. 412.],[382. 412.],[383. 412.],[384. 412.],[385. 412.],[386. 413.],[387. 414.],[388. 414.],[389. 414.],[390. 414.],[391. 414.],[392. 414.],[393. 413.],[394. 413.],[395. 413.],[396. 413.],[397. 413.],[398. 413.],[399. 413.],[400. 413.],[401. 414.],[402. 414.],[402. 414.]
[377. 616.],[377. 616.],[376. 617.],[376. 618.],[377. 619.],[377. 620.],[377. 621.],[378. 622.],[378. 623.],[378. 624.],[378. 624.]
[377. 627.],[377. 627.],[378. 628.],[379. 629.],[380. 630.],[381. 630.],[382. 631.],[383. 632.],[384. 633.],[385. 633.],[386. 634.],[387. 635.],[387. 636.],[387. 636.]
[378. 394.],[378. 394.],[378. 395.],[378. 396.],[378. 396.]
[379 397],[379 397],[380 397],[381 398],[382 398],[383 398],[384 397],[385 397],[386 397],[387 397],[388 396],[389 396],[388 396]
[378. 408.],[378. 408.],[379. 407.],[380. 407.],[380. 407.]
[385 584],[385 584],[386 583],[386 582],[386 582]
[384 584],[384 587],[383 588],[384 588],[384 589],[382 594],[382 593],[383 592],[383 591],[384 590],[384 589]
[385 584],[385 585],[385 586],[386 586],[386 587],[387 587],[387 587],[388 587],[389 588],[390 588],[391 588],[392 589],[393 589],[394 589],[395 589],[396 590],[397 591],[398 591],[399 591],[400 592],[401 592],[402 593],[403 593],[404 594],[405 594],[406 595],[407 595],[408 595],[409 595],[410 596],[411 596],[412 596],[413 596],[414 597],[415 597],[416 597],[415 597]
[385 580],[385 581],[386 581],[386 582],[387 580],[387 581],[388 581],[389 580],[389 581],[389 582],[389 580],[389 579],[390 578],[390 577],[390 576],[390 575],[390 574],[390 573],[390 573]
[386 582],[389 582],[389 582],[390 583],[391 583],[392 583],[393 583],[394 583],[395 584],[396 584],[397 584],[398 584],[399 584],[400 584],[401 584],[402 584],[403 584],[404 584],[405 584],[406 583],[405 584]
[380. 603.],[380. 603.],[381. 604.],[382. 605.],[383. 606.],[384. 607.],[385. 608.],[386. 609.],[386. 610.],[386. 610.]
[381 543],[382 543],[382 543],[383 543],[384 543],[385 543],[386 543],[387 543],[388 543],[389 544],[389 543],[388 543]
[382. 431.],[382. 431.],[382. 432.],[382. 433.],[382. 433.]
[382 430],[383 430],[383 430],[384 430],[385 430],[386 429],[387 429],[388 429],[389 429],[388 429]
[383. 596.],[383. 597.],[383. 597.],[384. 598.],[385. 599.],[385. 599.]
[383. 596.],[384. 596.],[384. 596.],[385. 595.],[386. 595.],[387. 596.],[388. 596.],[389. 596.],[390. 596.],[391. 597.],[392. 597.],[393. 596.],[394. 596.],[395. 596.],[396. 596.],[397. 597.],[398. 598.],[399. 598.],[400. 599.],[401. 599.],[402. 599.],[403. 600.],[404. 600.],[405. 601.],[406. 601.],[407. 602.],[408. 602.],[409. 602.],[410. 602.],[411. 602.],[412. 603.],[413. 604.],[413. 605.],[413. 606.],[413. 606.]
[382. 380.],[382. 380.],[383. 380.],[384. 379.],[385. 379.],[386. 379.],[387. 378.],[387. 378.]
[382. 617.],[382. 617.],[383. 618.],[384. 619.],[385. 619.],[386. 620.],[387. 621.],[388. 622.],[389. 623.],[390. 624.],[391. 624.],[392. 624.],[393. 624.],[392. 624.]
[383 644],[384 644],[384 644],[385 644],[386 644],[387 644],[388 643],[388 642],[389 641],[389 640],[389 639],[390 638],[391 637],[392 636],[392 635],[392 634],[393 633],[393 632],[393 631],[394 630],[394 629],[394 628],[394 627],[393 626],[393 625],[393 625]
[384 552],[385 551],[385 551],[386 552],[387 552],[388 552],[389 553],[390 554],[390 555],[390 556],[391 557],[391 557]
[384 552],[385 551],[385 551],[386 550],[386 549],[387 548],[387 547],[388 546],[389 545],[389 545],[389 544]
[386. 372.],[386. 372.],[387. 372.],[388. 372.],[388. 372.]
[386. 383.],[386. 383.],[387. 384.],[388. 384.],[389. 384.],[388. 384.]
[386 568],[386 568],[386 569],[386 570],[387 571],[388 571],[389 572],[389 572]
[387 567],[387 567],[388 567],[389 567],[390 567],[391 567],[390 567]
[388 377],[388 377],[388 376],[389 375],[389 374],[389 373],[389 373],[389 372]
[388 378],[388 378],[389 379],[390 380],[390 381],[390 381],[390 382]
[387. 387.],[387. 387.],[388. 388.],[389. 389.],[390. 390.],[390. 391.],[390. 392.],[390. 393.],[390. 394.],[389. 395.],[389. 395.]
[389 371],[389 372],[389 371],[390 370],[390 369],[391 368],[391 367],[392 366],[393 365],[393 365]
[390. 382.],[391. 382.],[391. 382.],[392. 382.],[393. 382.],[394. 383.],[395. 383.],[396. 384.],[397. 384.],[398. 384.],[399. 384.],[400. 385.],[401. 385.],[402. 385.],[403. 385.],[403. 385.]
[389 396],[390 396],[390 396],[391 396],[392 396],[393 396],[394 396],[395 395],[396 395],[397 395],[398 395],[399 395],[400 395],[401 395],[400 395]
[388. 409.],[388. 409.],[389. 408.],[390. 408.],[391. 408.],[392. 407.],[393. 407.],[394. 407.],[395. 407.],[396. 407.],[397. 406.],[398. 406.],[398. 406.]
[389. 428.],[389. 429.],[390. 428.],[390. 428.],[391. 427.],[392. 427.],[393. 427.],[394. 427.],[395. 427.],[396. 428.],[397. 429.],[397. 429.]
[389 543],[389 544],[389 543],[390 542],[390 541],[390 540],[390 540],[390 539]
[389 544],[389 545],[390 545],[390 545],[391 546],[392 546],[393 546],[394 546],[395 547],[396 547],[397 548],[398 549],[399 549],[400 549],[399 549]
[388. 562.],[388. 562.],[389. 562.],[390. 562.],[391. 562.],[390. 562.]
[389. 531.],[389. 532.],[389. 532.],[389. 533.],[389. 534.],[389. 535.],[390. 536.],[390. 536.]
[390 531],[390 531],[391 532],[392 532],[393 533],[396 536],[396 535],[396 534],[395 534],[394 534],[393 534],[393 533]
[390 572],[390 572],[391 571],[391 570],[391 569],[391 568],[391 568],[391 567]
[389. 600.],[389. 600.],[390. 601.],[391. 601.],[392. 602.],[393. 603.],[394. 604.],[395. 604.],[396. 605.],[397. 606.],[397. 606.]
[391 443],[391 444],[391 443],[392 442],[393 441],[393 441]
[391 444],[391 445],[391 445],[392 446],[393 447],[393 448],[393 449],[394 450],[395 451],[396 452],[397 453],[398 454],[398 454]
[390. 536.],[390. 536.],[390. 537.],[390. 538.],[390. 539.],[390. 538.]
[390. 536.],[390. 536.],[391. 535.],[392. 534.],[396. 536.],[396. 535.],[396. 534.],[395. 534.],[394. 534.],[393. 534.],[392. 534.]
[391 539],[391 539],[392 539],[393 539],[394 539],[395 538],[396 537],[396 537]
[392 558],[392 559],[392 559],[392 560],[392 561],[392 562],[392 561]
[392 557],[393 557],[393 557],[394 557],[395 556],[396 556],[397 557],[398 557],[399 557],[400 557],[401 557],[402 557],[403 557],[404 557],[405 557],[406 557],[407 557],[408 557],[409 557],[410 557],[411 557],[411 557]
[391 562],[391 563],[391 563],[391 564],[391 565],[391 566],[391 567],[391 566]
[392. 562.],[392. 562.],[393. 563.],[394. 563.],[395. 563.],[396. 563.],[396. 563.]
[391 567],[392 567],[392 567],[393 567],[394 568],[395 568],[396 568],[397 568],[398 568],[399 569],[400 570],[401 571],[401 571]
[396. 534.],[396. 535.],[396. 536.],[396. 534.],[397. 533.],[398. 533.],[399. 533.],[400. 533.],[401. 533.],[401. 533.]
[397 537],[398 537],[399 537],[399 538],[400 537],[399 539],[399 540],[400 540],[400 540],[401 540],[402 540],[403 540],[404 540],[403 540]
[393 624],[394 624],[394 624],[395 623],[396 622],[397 621],[398 620],[399 619],[400 619],[401 618],[402 617],[403 616],[404 615],[405 614],[406 613],[406 612],[406 612]
[394. 365.],[394. 365.],[395. 366.],[395. 367.],[396. 368.],[397. 369.],[398. 369.],[399. 369.],[400. 369.],[401. 369.],[402. 369.],[403. 369.],[403. 369.]
[393. 440.],[393. 440.],[393. 439.],[394. 438.],[394. 437.],[395. 436.],[396. 435.],[397. 434.],[397. 434.]
[394. 441.],[394. 441.],[395. 441.],[396. 441.],[397. 442.],[398. 442.],[399. 442.],[399. 442.]
[395. 577.],[395. 577.],[396. 577.],[397. 577.],[398. 577.],[399. 577.],[400. 578.],[401. 578.],[402. 578.],[403. 578.],[404. 578.],[403. 578.]
[397. 429.],[397. 429.],[397. 430.],[397. 431.],[397. 432.],[397. 433.],[397. 434.],[397. 434.]
[397. 429.],[397. 429.],[398. 428.],[399. 427.],[400. 427.],[401. 426.],[402. 426.],[403. 426.],[404. 426.],[405. 426.],[406. 426.],[407. 426.],[406. 426.]
[397. 434.],[397. 434.],[398. 435.],[399. 435.],[400. 436.],[400. 436.]
[397. 525.],[397. 525.],[398. 525.],[399. 526.],[400. 527.],[400. 527.]
[399 454],[399 454],[400 453],[401 453],[402 453],[403 453],[404 452],[405 452],[406 452],[407 452],[408 452],[409 452],[410 453],[411 453],[412 454],[412 454]
[399 455],[399 455],[399 456],[399 457],[399 458],[399 459],[399 460],[399 461],[400 462],[400 463],[400 464],[400 465],[400 466],[400 467],[399 468],[399 469],[399 470],[399 471],[399 472],[399 473],[399 474],[399 475],[399 476],[399 477],[399 478],[399 479],[399 480],[400 481],[400 482],[400 483],[400 484],[400 485],[400 486],[400 487],[399 488],[399 489],[399 490],[399 491],[399 492],[399 493],[399 494],[400 495],[400 496],[400 497],[400 498],[400 499],[400 500],[400 501],[400 502],[400 503],[400 504],[400 504]
[398. 608.],[398. 608.],[399. 608.],[400. 609.],[401. 609.],[402. 609.],[403. 609.],[404. 610.],[405. 611.],[406. 611.],[405. 611.]
[399. 442.],[399. 442.],[400. 441.],[400. 440.],[400. 439.],[400. 438.],[400. 437.],[400. 437.]
[399. 442.],[399. 442.],[400. 443.],[401. 443.],[402. 443.],[403. 443.],[404. 443.],[404. 443.]
[400. 550.],[400. 550.],[400. 551.],[400. 552.],[400. 552.]
[400 549],[401 549],[401 549],[402 549],[403 550],[404 551],[405 551],[406 551],[407 551],[408 551],[409 552],[410 552],[411 552],[412 552],[413 553],[414 553],[413 553]
[399. 563.],[399. 563.],[400. 563.],[401. 564.],[402. 565.],[403. 566.],[404. 567.],[405. 567.],[406. 567.],[407. 568.],[408. 568.],[409. 568.],[410. 568.],[411. 567.],[412. 567.],[413. 567.],[414. 568.],[415. 568.],[416. 568.],[416. 568.]
[401. 391.],[401. 392.],[402. 393.],[401. 391.]
[402. 394.],[403. 394.],[403. 394.],[404. 395.],[405. 396.],[406. 396.],[407. 396.],[408. 396.],[409. 396.],[409. 396.]
[401 436],[401 436],[402 436],[403 436],[404 436],[405 436],[406 437],[407 438],[408 438],[407 438]
[401 505],[401 505],[402 506],[403 507],[403 508],[403 507],[402 508]
[400 509],[400 510],[401 509],[400 510],[400 511],[401 512],[401 513],[401 513],[401 514]
[402 508],[403 508],[403 508],[404 509],[404 510],[405 511],[405 512],[405 512]
[401 514],[402 514],[402 514],[403 514],[404 513],[404 513]
[402. 571.],[402. 571.],[403. 572.],[403. 573.],[404. 574.],[405. 574.],[406. 574.],[407. 574.],[408. 574.],[408. 574.]
[404 540],[405 540],[405 540],[406 541],[407 541],[408 541],[407 541]
[406 579],[406 579],[407 580],[408 581],[408 581],[407 582]
[404. 432.],[404. 432.],[405. 432.],[406. 431.],[406. 430.],[407. 429.],[407. 428.],[407. 427.],[407. 427.]
[405 442],[405 442],[406 441],[407 440],[407 439],[407 439]
[405 443],[405 443],[406 444],[407 444],[408 444],[409 444],[410 444],[411 444],[412 444],[413 444],[414 444],[415 443],[416 443],[417 443],[418 443],[419 444],[420 444],[421 444],[422 444],[423 445],[424 445],[425 445],[426 445],[427 445],[428 445],[429 445],[430 446],[431 446],[432 446],[433 446],[434 446],[435 446],[436 446],[437 446],[438 447],[439 447],[440 447],[441 447],[442 447],[443 448],[444 448],[445 448],[446 448],[447 448],[448 449],[449 449],[450 449],[451 449],[452 449],[453 449],[454 449],[455 449],[456 449],[457 450],[458 450],[459 450],[460 450],[461 450],[462 450],[463 450],[464 450],[465 450],[466 450],[467 450],[468 450],[469 450],[470 450],[471 450],[472 450],[473 451],[474 451],[473 451]
[405. 513.],[405. 513.],[406. 514.],[406. 515.],[407. 516.],[408. 517.],[409. 518.],[409. 519.],[410. 520.],[410. 521.],[410. 522.],[410. 523.],[410. 524.],[410. 525.],[410. 525.]
[405 584],[406 583],[405 584],[406 585],[407 585],[408 585],[409 586],[410 586],[411 587],[412 587],[413 588],[414 588],[415 589],[416 589],[417 589],[418 590],[419 590],[420 590],[421 591],[422 591],[423 591],[424 592],[424 592]
[407 582],[408 581],[408 581],[409 581],[410 581],[411 581],[412 581],[413 581],[414 582],[415 582],[416 582],[417 583],[418 583],[419 583],[420 583],[421 584],[422 584],[422 584]
[406 611],[407 611],[407 611],[408 611],[409 610],[410 610],[411 610],[412 609],[413 609],[414 609],[415 609],[416 608],[417 607],[418 607],[419 606],[419 605],[419 604],[420 603],[420 602],[420 601],[420 601]
[406. 368.],[406. 368.],[407. 368.],[408. 367.],[409. 367.],[410. 368.],[411. 368.],[412. 367.],[413. 367.],[414. 367.],[415. 367.],[416. 367.],[417. 367.],[418. 367.],[419. 367.],[420. 367.],[421. 367.],[422. 367.],[423. 367.],[424. 367.],[425. 367.],[426. 366.],[427. 366.],[428. 366.],[429. 367.],[430. 367.],[431. 367.],[432. 367.],[433. 366.],[434. 367.],[435. 367.],[436. 367.],[437. 366.],[438. 365.],[439. 365.],[440. 366.],[441. 366.],[442. 365.],[442. 365.]
[406. 386.],[406. 386.],[407. 386.],[408. 386.],[409. 386.],[410. 386.],[411. 386.],[412. 386.],[413. 386.],[414. 386.],[415. 386.],[416. 387.],[417. 388.],[418. 388.],[419. 388.],[420. 388.],[421. 388.],[422. 389.],[423. 389.],[424. 389.],[425. 389.],[426. 389.],[427. 389.],[428. 389.],[429. 389.],[430. 389.],[431. 389.],[432. 389.],[433. 390.],[434. 390.],[435. 391.],[436. 391.],[437. 391.],[438. 391.],[439. 392.],[440. 393.],[441. 393.],[442. 393.],[443. 393.],[444. 393.],[445. 393.],[446. 394.],[447. 394.],[448. 394.],[449. 394.],[450. 394.],[451. 394.],[452. 394.],[453. 394.],[454. 394.],[455. 394.],[456. 394.],[457. 394.],[458. 395.],[459. 395.],[460. 395.],[461. 394.],[462. 395.],[463. 396.],[464. 396.],[465. 396.],[466. 396.],[467. 396.],[468. 396.],[469. 397.],[470. 397.],[471. 397.],[472. 397.],[473. 397.],[474. 397.],[475. 397.],[476. 396.],[477. 395.],[477. 395.],[477. 394.]
[407 426],[408 426],[408 426],[409 426],[410 426],[411 425],[412 425],[413 425],[414 425],[415 425],[416 425],[418 425],[417 425],[416 425]
[406. 547.],[406. 547.],[407. 546.],[407. 545.],[407. 544.],[408. 543.],[408. 542.],[408. 542.]
[409 437],[409 438],[409 437],[410 436],[411 436],[412 436],[413 436],[414 436],[415 436],[416 436],[417 436],[418 436],[419 436],[420 436],[421 437],[422 437],[423 437],[424 437],[425 436],[426 436],[427 436],[428 436],[429 436],[430 436],[431 436],[432 437],[433 437],[434 437],[435 437],[436 437],[437 437],[438 437],[439 438],[440 437],[441 437],[442 437],[443 438],[444 438],[445 438],[446 438],[447 438],[448 439],[449 439],[450 440],[451 440],[452 441],[453 441],[454 441],[455 441],[456 441],[457 442],[458 442],[459 442],[460 442],[461 442],[462 442],[463 442],[464 442],[465 442],[466 442],[467 442],[468 442],[469 442],[470 442],[471 442],[472 442],[473 442],[474 442],[473 442]
[408. 541.],[409. 541.],[409. 541.],[410. 541.],[411. 540.],[412. 540.],[413. 539.],[413. 539.]
[412 556],[412 556],[413 555],[414 554],[414 554]
[412. 557.],[412. 557.],[413. 558.],[414. 558.],[415. 558.],[416. 558.],[417. 558.],[418. 559.],[419. 560.],[420. 560.],[421. 560.],[422. 560.],[423. 561.],[424. 562.],[425. 562.],[426. 563.],[426. 563.]
[411. 574.],[411. 574.],[412. 573.],[413. 574.],[414. 574.],[415. 574.],[416. 573.],[417. 573.],[418. 572.],[418. 572.]
[412. 455.],[412. 455.],[412. 456.],[412. 457.],[412. 458.],[412. 459.],[412. 460.],[412. 461.],[412. 462.],[412. 463.],[412. 464.],[413. 465.],[414. 466.],[415. 466.],[416. 467.],[416. 467.]
[413 454],[413 454],[414 454],[415 454],[416 454],[417 454],[418 455],[419 455],[420 455],[421 455],[422 455],[423 455],[424 455],[425 455],[426 455],[427 455],[428 456],[429 456],[430 456],[431 456],[432 456],[433 456],[434 456],[435 457],[436 457],[437 457],[438 457],[439 458],[440 458],[441 458],[442 458],[443 458],[444 458],[445 458],[446 458],[447 459],[447 459]
[413. 539.],[413. 539.],[414. 538.],[414. 537.],[415. 536.],[416. 536.],[417. 535.],[418. 535.],[419. 535.],[420. 535.],[421. 535.],[422. 535.],[423. 535.],[424. 535.],[424. 535.]
[413. 539.],[413. 539.],[414. 540.],[415. 541.],[416. 541.],[417. 541.],[418. 542.],[419. 542.],[420. 542.],[421. 542.],[422. 543.],[423. 543.],[424. 544.],[425. 544.],[426. 544.],[427. 545.],[428. 545.],[429. 545.],[430. 546.],[431. 546.],[432. 546.],[433. 546.],[434. 546.],[434. 546.]
[414. 553.],[415. 553.],[415. 553.],[416. 553.],[417. 552.],[418. 552.],[419. 552.],[420. 552.],[421. 552.],[422. 552.],[423. 552.],[424. 553.],[425. 553.],[426. 553.],[427. 553.],[427. 553.]
[415. 396.],[415. 396.],[416. 396.],[417. 396.],[417. 396.]
[416 598],[416 598],[416 599],[417 600],[418 600],[419 600],[419 600]
[416 597],[417 597],[417 597],[418 597],[419 597],[420 597],[420 597]
[417 424],[417 424],[418 423],[419 424],[419 424]
[418 425],[419 425],[420 425],[420 425],[421 425],[422 424],[423 424],[422 424]
[416. 467.],[416. 467.],[416. 468.],[417. 469.],[417. 470.],[418. 471.],[418. 472.],[418. 473.],[418. 474.],[418. 475.],[419. 476.],[419. 476.]
[416. 467.],[416. 467.],[417. 466.],[418. 466.],[419. 466.],[420. 466.],[421. 466.],[422. 467.],[423. 467.],[424. 467.],[424. 467.]
[418. 333.],[418. 333.],[419. 332.],[420. 332.],[421. 332.],[422. 333.],[423. 334.],[424. 334.],[425. 334.],[426. 334.],[427. 335.],[428. 335.],[429. 335.],[430. 335.],[431. 335.],[432. 335.],[433. 335.],[434. 335.],[435. 335.],[436. 335.],[437. 336.],[438. 336.],[439. 336.],[440. 337.],[441. 337.],[442. 337.],[443. 337.],[444. 337.],[445. 337.],[446. 338.],[447. 338.],[448. 339.],[449. 339.],[450. 339.],[451. 339.],[452. 340.],[453. 340.],[454. 341.],[455. 341.],[456. 342.],[457. 343.],[458. 344.],[458. 345.],[458. 346.],[458. 347.],[458. 348.],[458. 347.]
[419. 572.],[420. 572.],[420. 572.],[421. 572.],[422. 572.],[423. 571.],[423. 571.]
[419 477],[419 477],[419 478],[419 479],[420 480],[420 481],[420 482],[421 483],[421 484],[421 485],[421 486],[421 487],[421 488],[421 489],[421 490],[422 491],[421 492],[421 493],[421 494],[421 495],[422 496],[422 497],[422 498],[422 499],[422 500],[423 501],[423 502],[424 503],[424 504],[425 505],[426 506],[426 507],[427 508],[428 509],[428 510],[429 511],[430 512],[430 513],[431 514],[431 515],[432 516],[432 517],[432 518],[433 519],[433 520],[434 521],[434 522],[434 523],[434 524],[434 523]
[420 476],[420 476],[421 476],[422 476],[423 476],[424 476],[425 476],[426 476],[425 476]
[420 600],[420 600],[421 599],[421 598],[421 598]
[422 578],[422 579],[422 578],[422 577],[423 576],[424 575],[425 574],[426 573],[427 572],[428 572],[429 571],[430 571],[431 570],[432 570],[433 569],[434 569],[435 569],[436 569],[437 568],[438 568],[439 567],[440 566],[441 565],[442 564],[442 563],[443 562],[444 562],[445 561],[445 560],[446 559],[447 559],[448 559],[449 560],[450 560],[450 560]
[422 579],[422 580],[422 580],[422 581],[423 582],[423 583],[423 583]
[421 597],[421 597],[422 596],[423 595],[424 594],[424 593],[424 593]
[422 416],[422 416],[421 416],[422 417],[422 417]
[422 417],[422 417],[422 418],[422 419],[422 420],[422 421],[422 422],[422 423],[422 423]
[423 416],[423 416],[424 416],[425 416],[426 415],[427 415],[428 415],[429 415],[430 414],[431 414],[432 415],[433 415],[434 415],[435 416],[435 416],[435 417],[435 418],[435 419]
[424 424],[424 425],[424 425],[425 426],[426 427],[427 427],[428 427],[429 427],[430 427],[431 428],[432 428],[433 428],[434 428],[435 428],[434 428]
[424 423],[425 423],[425 423],[426 422],[427 421],[428 421],[429 421],[430 421],[431 421],[432 420],[433 420],[434 420],[435 420],[434 420]
[424 585],[425 585],[425 585],[426 586],[427 586],[428 587],[429 587],[430 588],[430 588]
[423. 330.],[423. 330.],[424. 329.],[425. 329.],[426. 328.],[427. 328.],[428. 328.],[429. 327.],[430. 326.],[430. 326.]
[425 467],[426 467],[426 467],[427 467],[428 467],[429 467],[430 467],[431 467],[432 467],[433 467],[434 467],[435 467],[436 468],[437 468],[438 468],[439 468],[440 468],[441 468],[442 469],[443 469],[444 469],[445 469],[446 469],[447 469],[448 469],[449 469],[450 469],[451 469],[452 469],[453 469],[454 469],[455 469],[456 469],[457 469],[458 469],[459 469],[460 469],[461 469],[462 469],[463 469],[464 469],[465 469],[466 469],[467 469],[466 469]
[425 592],[425 592],[426 592],[427 591],[428 591],[429 590],[430 589],[430 589]
[426. 475.],[426. 473.],[426. 474.],[426. 475.],[426. 473.]
[426 476],[427 476],[427 476],[428 477],[429 478],[430 479],[430 479]
[427. 358.],[427. 358.],[428. 358.],[429. 357.],[430. 357.],[430. 357.]
[428. 535.],[428. 535.],[429. 535.],[430. 535.],[430. 535.]
[430. 326.],[430. 326.],[431. 326.],[432. 326.],[433. 326.],[434. 326.],[435. 326.],[436. 326.],[437. 326.],[438. 326.],[439. 326.],[440. 326.],[441. 326.],[442. 326.],[443. 326.],[444. 326.],[444. 326.]
[431 478],[431 479],[431 478],[432 477],[433 477],[434 478],[435 479],[436 479],[437 479],[438 479],[437 479]
[431. 479.],[431. 480.],[431. 480.],[431. 481.],[432. 482.],[433. 483.],[434. 483.],[435. 484.],[435. 484.]
[431. 535.],[431. 535.],[432. 534.],[432. 533.],[433. 532.],[433. 532.]
[431. 536.],[431. 536.],[431. 537.],[431. 538.],[431. 538.]
[433. 532.],[433. 532.],[432. 531.],[432. 530.],[432. 529.],[433. 528.],[433. 527.],[434. 526.],[434. 526.],[434. 525.]
[433. 532.],[433. 532.],[434. 532.],[435. 532.],[436. 532.],[437. 533.],[438. 534.],[439. 534.],[439. 534.]
[435 420],[435 427],[435 426],[435 425],[435 424],[436 423],[435 427]
[436. 420.],[436. 421.],[436. 422.],[436. 423.],[437. 423.],[437. 423.],[438. 423.],[439. 423.],[440. 423.],[440. 423.]
[436. 419.],[436. 417.],[437. 418.],[437. 417.],[438. 417.],[438. 417.],[439. 416.],[440. 416.],[441. 416.],[442. 416.],[443. 415.],[444. 415.],[445. 415.],[445. 415.]
[435 428],[436 428],[436 428],[437 428],[438 428],[439 428],[440 428],[441 428],[442 428],[443 429],[444 429],[445 429],[446 430],[447 430],[448 430],[449 430],[450 430],[451 429],[451 429]
[435 524],[435 524],[436 525],[435 526],[435 526]
[435. 484.],[435. 484.],[436. 483.],[437. 483.],[438. 484.],[439. 485.],[439. 485.],[439. 486.]
[437 487],[437 488],[437 489],[437 489],[437 490],[438 491],[439 492],[440 493],[440 494],[441 495],[441 495]
[439. 486.],[439. 485.],[440. 485.],[440. 485.],[441. 485.],[442. 485.],[443. 485.],[444. 486.],[444. 486.]
[438. 479.],[439. 479.],[439. 479.],[440. 479.],[441. 479.],[442. 479.],[443. 479.],[444. 479.],[445. 479.],[446. 479.],[447. 479.],[448. 479.],[449. 479.],[450. 479.],[451. 479.],[452. 479.],[453. 479.],[454. 479.],[455. 479.],[456. 479.],[457. 479.],[458. 479.],[459. 479.],[460. 479.],[461. 479.],[462. 479.],[463. 479.],[464. 478.],[465. 477.],[466. 477.],[467. 477.],[468. 477.],[469. 476.],[470. 476.],[471. 476.],[472. 476.],[473. 475.],[474. 475.],[475. 475.],[476. 475.],[477. 475.],[478. 475.],[479. 475.],[480. 475.],[481. 475.],[482. 476.],[483. 476.],[484. 476.],[485. 476.],[486. 475.],[487. 475.],[488. 475.],[489. 475.],[490. 475.],[491. 475.],[492. 475.],[493. 475.],[494. 475.],[494. 475.]
[440. 556.],[440. 556.],[441. 556.],[442. 557.],[442. 557.]
[441. 496.],[441. 496.],[442. 497.],[442. 498.],[442. 499.],[443. 500.],[443. 501.],[444. 502.],[444. 503.],[444. 504.],[445. 505.],[446. 506.],[446. 507.],[446. 508.],[447. 509.],[447. 510.],[447. 511.],[447. 512.],[448. 513.],[448. 514.],[448. 515.],[447. 516.],[447. 517.],[447. 518.],[447. 519.],[447. 520.],[447. 521.],[447. 522.],[446. 523.],[445. 524.],[445. 525.],[445. 525.]
[442 495],[442 495],[443 495],[444 495],[445 495],[446 495],[447 495],[448 495],[449 495],[448 495]
[441. 544.],[441. 544.],[442. 544.],[443. 544.],[444. 543.],[445. 544.],[445. 544.]
[444. 367.],[444. 367.],[445. 367.],[446. 367.],[447. 368.],[448. 369.],[449. 370.],[450. 371.],[451. 372.],[452. 373.],[453. 374.],[454. 374.],[455. 374.],[456. 374.],[457. 374.],[458. 374.],[459. 374.],[460. 374.],[461. 374.],[462. 374.],[463. 374.],[464. 374.],[465. 374.],[466. 374.],[467. 374.],[468. 374.],[469. 374.],[470. 374.],[471. 373.],[472. 374.],[473. 374.],[474. 374.],[475. 374.],[476. 375.],[477. 375.],[478. 376.],[479. 377.],[480. 377.],[481. 377.],[482. 377.],[483. 378.],[483. 379.],[482. 380.],[482. 381.],[482. 381.]
[444. 486.],[444. 486.],[444. 487.],[444. 488.],[444. 488.]
[444. 486.],[444. 486.],[445. 485.],[446. 485.],[447. 485.],[448. 485.],[449. 485.],[450. 485.],[451. 485.],[450. 485.]
[445. 362.],[445. 362.],[446. 362.],[447. 361.],[448. 361.],[449. 360.],[450. 360.],[451. 360.],[452. 360.],[453. 360.],[454. 360.],[454. 360.]
[446. 528.],[446. 528.],[446. 529.],[447. 530.],[447. 531.],[448. 532.],[449. 533.],[450. 534.],[450. 534.]
[448 459],[448 459],[449 459],[450 460],[451 460],[452 460],[453 460],[454 460],[455 460],[456 460],[457 460],[458 460],[459 461],[460 461],[461 461],[462 461],[463 460],[464 460],[465 460],[466 460],[467 460],[468 460],[469 459],[470 459],[471 459],[472 459],[474 459],[473 459],[472 459]
[449 496],[449 496],[449 497],[450 498],[450 499],[451 500],[452 501],[452 501]
[449 495],[450 495],[450 495],[451 495],[452 495],[453 495],[454 495],[455 495],[456 495],[457 495],[458 495],[459 495],[460 495],[461 495],[462 494],[463 493],[464 493],[465 492],[466 492],[467 492],[468 491],[469 491],[470 491],[471 491],[472 491],[473 491],[474 490],[475 491],[476 491],[477 490],[478 490],[479 490],[480 489],[481 490],[482 490],[483 491],[484 491],[485 491],[486 490],[487 490],[488 490],[489 490],[490 490],[491 490],[492 490],[493 490],[494 490],[495 490],[496 489],[497 489],[498 489],[499 489],[500 488],[501 487],[502 486],[503 485],[504 484],[504 484]
[449. 489.],[449. 489.],[450. 489.],[451. 488.],[451. 487.],[451. 486.],[451. 486.]
[450. 355.],[450. 355.],[451. 355.],[452. 355.],[453. 354.],[454. 354.],[455. 354.],[456. 354.],[457. 354.],[456. 354.]
[450. 421.],[450. 421.],[451. 421.],[452. 422.],[452. 423.],[452. 423.]
[451 485],[452 485],[452 485],[453 485],[454 485],[455 485],[456 485],[457 485],[458 485],[459 485],[460 485],[461 485],[462 485],[463 485],[464 485],[465 485],[466 485],[467 485],[468 485],[469 485],[470 484],[471 484],[472 484],[473 484],[474 484],[475 484],[476 484],[477 484],[478 484],[479 483],[480 483],[481 483],[482 484],[483 484],[484 484],[485 484],[486 484],[487 484],[488 484],[489 484],[490 484],[491 484],[492 483],[493 483],[494 483],[495 483],[496 483],[497 483],[498 483],[499 483],[500 483],[501 483],[502 482],[503 482],[504 483],[504 483]
[451. 560.],[451. 560.],[452. 559.],[453. 559.],[454. 560.],[455. 560.],[456. 559.],[457. 559.],[458. 560.],[459. 560.],[460. 561.],[461. 561.],[462. 561.],[462. 561.]
[451 561],[451 561],[451 562],[452 563],[452 564],[453 565],[454 566],[455 567],[455 568],[456 569],[457 570],[458 570],[459 571],[460 571],[461 572],[462 572],[463 572],[464 573],[465 573],[466 573],[467 573],[468 573],[469 573],[470 573],[471 573],[472 572],[473 571],[474 570],[475 569],[476 568],[476 568],[476 567]
[451. 425.],[451. 425.],[451. 426.],[451. 427.],[451. 428.],[451. 428.]
[452 429],[452 429],[453 429],[454 429],[455 430],[456 430],[457 430],[458 431],[459 431],[460 432],[461 432],[462 432],[463 432],[464 433],[465 433],[466 433],[467 433],[468 433],[469 433],[470 433],[471 433],[472 432],[473 433],[474 433],[475 434],[475 434]
[453 502],[453 502],[454 503],[455 503],[456 503],[457 503],[458 503],[459 503],[460 503],[459 503],[460 502]
[452. 517.],[452. 517.],[453. 518.],[454. 519.],[455. 519.],[456. 519.],[457. 518.],[458. 518.],[459. 518.],[460. 518.],[461. 518.],[462. 519.],[463. 519.],[463. 519.]
[452. 548.],[452. 548.],[453. 548.],[454. 548.],[455. 548.],[456. 548.],[457. 549.],[458. 550.],[459. 551.],[460. 552.],[460. 553.],[460. 554.],[460. 554.]
[454. 526.],[454. 526.],[455. 527.],[456. 528.],[457. 528.],[456. 528.]
[455. 541.],[455. 541.],[455. 542.],[456. 543.],[457. 543.],[458. 543.],[459. 543.],[460. 544.],[461. 545.],[461. 545.]
[457 348],[457 353],[458 352],[458 351],[458 350],[458 349],[457 353]
[457. 354.],[458. 354.],[458. 354.],[459. 355.],[460. 356.],[461. 356.],[462. 356.],[463. 356.],[464. 356.],[465. 356.],[466. 356.],[467. 356.],[468. 357.],[469. 357.],[470. 358.],[471. 359.],[472. 360.],[473. 361.],[474. 361.],[475. 362.],[476. 363.],[476. 363.]
[457 528],[457 529],[457 529],[457 530],[458 531],[458 532],[458 533],[459 534],[460 535],[461 536],[462 537],[463 538],[464 538],[465 538],[466 538],[467 537],[468 537],[469 537],[470 537],[471 537],[472 537],[473 538],[473 538]
[461 502],[461 503],[462 503],[462 503],[463 503],[464 503],[465 503],[466 502],[467 502],[468 502],[469 502],[470 502],[471 502],[472 502],[473 502],[474 502],[475 502],[476 502],[477 502],[478 502],[479 502],[480 502],[481 502],[482 502],[483 503],[484 503],[485 503],[486 503],[487 503],[488 503],[489 503],[490 503],[491 503],[492 503],[493 503],[494 503],[495 502],[496 502],[497 502],[498 502],[499 502],[500 502],[501 502],[502 501],[502 501]
[459. 364.],[459. 364.],[460. 364.],[461. 363.],[462. 363.],[462. 363.]
[462. 425.],[462. 425.],[463. 425.],[464. 425.],[465. 425.],[466. 425.],[467. 425.],[468. 425.],[469. 425.],[470. 425.],[471. 425.],[472. 425.],[473. 425.],[474. 424.],[474. 423.],[474. 422.],[475. 421.],[475. 420.],[475. 419.],[475. 418.],[476. 417.],[476. 416.],[475. 415.],[474. 414.],[473. 414.],[473. 414.],[472. 414.]
[463. 407.],[463. 407.],[464. 407.],[465. 406.],[466. 405.],[467. 404.],[468. 404.],[469. 403.],[470. 402.],[470. 401.],[470. 401.]
[464. 519.],[464. 519.],[465. 518.],[466. 518.],[467. 519.],[468. 519.],[469. 519.],[470. 519.],[471. 519.],[472. 519.],[473. 519.],[474. 519.],[475. 520.],[476. 520.],[477. 520.],[478. 521.],[479. 521.],[480. 521.],[481. 522.],[482. 522.],[483. 522.],[484. 522.],[485. 522.],[486. 522.],[487. 522.],[488. 522.],[489. 521.],[490. 521.],[490. 521.]
[464. 520.],[464. 520.],[464. 521.],[464. 522.],[464. 522.]
[465. 415.],[465. 415.],[466. 415.],[467. 415.],[468. 415.],[469. 415.],[470. 414.],[471. 414.],[472. 414.],[471. 414.]
[467 469],[468 469],[468 469],[469 469],[470 469],[471 469],[472 469],[473 468],[474 468],[473 468]
[466. 514.],[466. 514.],[467. 514.],[468. 514.],[469. 514.],[470. 513.],[471. 513.],[472. 513.],[473. 513.],[474. 513.],[475. 513.],[476. 513.],[477. 513.],[478. 513.],[479. 513.],[480. 513.],[481. 513.],[482. 514.],[483. 514.],[484. 514.],[485. 514.],[486. 514.],[487. 515.],[488. 515.],[489. 515.],[490. 515.],[491. 515.],[492. 516.],[493. 516.],[494. 517.],[495. 517.],[495. 517.]
[470. 527.],[470. 527.],[471. 527.],[472. 527.],[473. 527.],[474. 527.],[475. 527.],[476. 527.],[477. 526.],[478. 526.],[479. 526.],[479. 526.]
[472. 413.],[472. 413.],[472. 412.],[472. 411.],[473. 410.],[473. 409.],[474. 408.],[474. 408.]
[471. 561.],[471. 561.],[472. 561.],[473. 560.],[473. 559.],[473. 558.],[473. 558.]
[474 458],[474 459],[474 453],[474 454],[474 455],[474 456],[474 457],[474 458],[474 453],[474 451]
[474 461],[474 461],[474 462],[474 463],[474 464],[474 465],[474 466],[474 467],[474 467]
[474 459],[475 459],[476 459],[476 459],[477 459],[478 459],[479 459],[480 460],[481 460],[482 460],[483 461],[483 461]
[472. 553.],[472. 553.],[473. 554.],[473. 555.],[474. 556.],[474. 556.]
[473. 307.],[473. 307.],[474. 308.],[474. 309.],[474. 309.]
[474 441],[474 442],[474 441],[474 440],[474 439],[474 438],[474 437],[475 436],[475 435],[475 435]
[475 443],[475 444],[475 444],[475 445],[475 446],[475 447],[475 448],[475 449],[475 449],[475 451],[475 450]
[475. 443.],[476. 443.],[476. 443.],[477. 443.],[478. 443.],[479. 443.],[480. 443.],[481. 443.],[482. 443.],[483. 444.],[484. 444.],[485. 443.],[486. 442.],[487. 441.],[488. 441.],[489. 440.],[490. 440.],[491. 440.],[492. 439.],[493. 439.],[494. 438.],[495. 438.],[496. 437.],[497. 437.],[498. 437.],[499. 437.],[499. 437.]
[475. 450.],[475. 451.],[476. 450.],[476. 450.],[477. 450.],[478. 450.],[479. 450.],[479. 450.]
[474 468],[475 468],[475 468],[476 468],[477 468],[478 467],[479 467],[480 468],[481 468],[482 468],[483 469],[484 469],[485 468],[486 468],[487 468],[488 468],[489 468],[490 468],[491 467],[492 467],[493 467],[494 467],[495 467],[496 467],[497 466],[498 466],[499 466],[500 466],[501 466],[502 466],[503 465],[504 465],[505 465],[505 465]
[474. 538.],[474. 538.],[475. 539.],[476. 539.],[477. 539.],[478. 539.],[479. 540.],[480. 540.],[481. 540.],[481. 540.]
[476 434],[476 434],[477 434],[478 433],[479 433],[480 433],[481 433],[482 432],[483 432],[484 432],[485 432],[486 432],[487 432],[488 432],[489 432],[490 432],[491 431],[492 431],[493 431],[494 432],[495 432],[496 432],[497 432],[498 432],[499 431],[500 431],[501 431],[502 431],[502 431]
[475. 564.],[475. 564.],[476. 565.],[476. 566.],[476. 567.],[476. 566.]
[477. 567.],[477. 567.],[478. 568.],[479. 568.],[480. 568.],[481. 569.],[482. 569.],[483. 569.],[484. 570.],[485. 571.],[486. 572.],[487. 573.],[488. 573.],[489. 573.],[490. 573.],[491. 573.],[492. 573.],[493. 573.],[494. 573.],[495. 573.],[496. 573.],[497. 572.],[497. 571.],[498. 570.],[498. 569.],[499. 568.],[500. 567.],[500. 566.],[500. 565.],[500. 564.],[501. 563.],[502. 562.],[502. 561.],[502. 560.],[502. 560.]
[477 393],[477 394],[477 393],[478 392],[478 391],[478 390],[479 389],[479 388],[479 387],[479 386],[480 385],[480 384],[481 383],[482 382],[482 382]
[478 394],[478 394],[479 394],[480 394],[481 394],[482 394],[483 394],[484 393],[485 393],[486 393],[487 393],[488 393],[489 392],[490 392],[491 392],[492 392],[493 392],[494 392],[495 391],[496 390],[497 390],[498 389],[499 389],[500 389],[499 389]
[478. 365.],[478. 365.],[479. 365.],[480. 365.],[481. 365.],[482. 366.],[483. 366.],[484. 366.],[485. 366.],[486. 366.],[487. 366.],[488. 365.],[489. 365.],[490. 365.],[491. 365.],[492. 365.],[493. 365.],[494. 364.],[495. 364.],[496. 364.],[497. 364.],[498. 364.],[499. 364.],[500. 364.],[501. 364.],[501. 364.]
[479. 398.],[479. 398.],[480. 398.],[481. 398.],[482. 398.],[483. 398.],[483. 398.]
[481. 559.],[481. 559.],[482. 558.],[483. 558.],[484. 557.],[485. 557.],[486. 557.],[487. 556.],[488. 556.],[489. 555.],[490. 555.],[491. 554.],[492. 553.],[493. 553.],[494. 554.],[494. 555.],[495. 556.],[496. 557.],[496. 558.],[497. 559.],[496. 560.],[496. 560.]
[483 382],[483 382],[484 382],[485 382],[486 382],[487 382],[488 382],[489 382],[490 382],[491 382],[493 382],[492 382],[491 382]
[482. 413.],[482. 413.],[483. 413.],[484. 413.],[484. 413.]
[483 461],[483 461],[484 462],[484 461],[484 461]
[484. 461.],[484. 461.],[485. 460.],[486. 459.],[487. 459.],[488. 459.],[489. 459.],[490. 459.],[491. 459.],[492. 459.],[493. 459.],[494. 458.],[495. 458.],[496. 457.],[497. 457.],[498. 456.],[499. 456.],[500. 455.],[501. 455.],[502. 454.],[503. 454.],[504. 453.],[504. 453.]
[484. 453.],[484. 453.],[485. 452.],[486. 452.],[487. 451.],[488. 452.],[489. 452.],[490. 452.],[491. 451.],[492. 451.],[493. 451.],[494. 451.],[495. 451.],[496. 451.],[497. 451.],[498. 450.],[499. 450.],[500. 450.],[501. 449.],[502. 449.],[502. 449.]
[490. 358.],[490. 358.],[490. 357.],[490. 356.],[491. 355.],[491. 354.],[492. 353.],[492. 352.],[493. 351.],[494. 351.],[495. 351.],[496. 351.],[497. 351.],[498. 351.],[499. 352.],[500. 353.],[500. 354.],[500. 355.],[500. 355.]
[492 381],[492 381],[493 380],[494 380],[494 380]
[495 381],[494 380],[495 380],[495 380],[496 379],[497 378],[498 378],[499 377],[499 376],[500 375],[500 374],[501 373],[502 372],[502 371],[502 370],[502 369],[503 368],[503 367],[503 366],[502 365],[502 365],[502 364]
[494. 382.],[495. 382.],[495. 382.],[496. 383.],[496. 384.],[496. 384.]
[491. 425.],[491. 425.],[492. 425.],[493. 425.],[494. 425.],[495. 425.],[496. 424.],[497. 424.],[498. 423.],[498. 423.]
[493. 408.],[493. 408.],[494. 408.],[495. 407.],[495. 406.],[495. 406.]
[494. 550.],[494. 550.],[495. 550.],[496. 549.],[496. 549.]
[495. 357.],[495. 357.],[496. 357.],[497. 356.],[498. 356.],[499. 356.],[499. 356.]
[496 516],[496 516],[497 515],[498 515],[499 514],[500 514],[501 514],[501 514]
[496 517],[496 517],[497 518],[498 518],[499 518],[500 518],[501 518],[501 518]
[496. 546.],[496. 546.],[497. 545.],[498. 544.],[498. 543.],[498. 543.]
[497. 471.],[497. 471.],[498. 471.],[499. 471.],[500. 471.],[501. 471.],[502. 470.],[503. 470.],[504. 469.],[505. 469.],[505. 469.]
[498. 385.],[498. 385.],[499. 386.],[499. 387.],[500. 388.],[500. 389.],[500. 388.]
[500 395],[500 395],[501 394],[501 393],[501 392],[501 391],[501 390],[501 390]
[500 396],[500 396],[500 397],[501 398],[501 399],[501 400],[501 401],[501 402],[502 403],[502 404],[503 405],[503 406],[504 407],[504 408],[504 409],[504 410],[504 411],[504 412],[504 413],[504 414],[504 415],[504 416],[504 417],[503 418],[504 419],[504 420],[504 421],[504 422],[503 423],[504 424],[504 425],[503 426],[503 427],[503 428],[503 429],[503 430],[503 431],[503 430]
[500 356],[500 356],[501 357],[502 358],[502 359],[502 360],[502 361],[502 362],[502 363],[502 364],[502 363]
[502 498],[502 499],[502 498],[503 497],[503 496],[504 495],[504 494],[505 493],[505 492],[505 491],[505 490],[505 489],[505 488],[506 487],[506 486],[505 485],[505 485],[505 484]
[502 501],[502 513],[503 512],[504 511],[504 510],[504 509],[504 508],[504 507],[504 506],[505 505],[505 504],[504 503],[504 502],[503 501],[502 514],[502 513]
[502 514],[502 515],[502 515],[502 516],[502 517],[502 517]
[502. 518.],[502. 518.],[503. 519.],[504. 520.],[504. 521.],[504. 522.],[504. 523.],[504. 524.],[504. 525.],[504. 526.],[503. 527.],[503. 528.],[503. 529.],[503. 530.],[502. 531.],[502. 532.],[502. 533.],[502. 534.],[502. 535.],[503. 536.],[503. 537.],[503. 538.],[503. 539.],[503. 540.],[503. 541.],[503. 542.],[502. 543.],[502. 544.],[502. 545.],[502. 546.],[502. 547.],[502. 548.],[502. 549.],[502. 550.],[502. 551.],[503. 552.],[503. 553.],[503. 554.],[503. 555.],[503. 556.],[504. 557.],[503. 558.],[503. 558.]
[503 431],[503 432],[503 432],[503 433],[503 434],[503 435],[502 436],[502 437],[503 438],[503 439],[503 440],[504 441],[503 442],[503 442]
[503 448],[503 443],[503 444],[503 445],[503 446],[503 447],[503 448],[503 443]
[503. 449.],[503. 449.],[504. 450.],[504. 451.],[504. 452.],[504. 453.],[504. 453.]
[503 442],[503 442],[502 442],[503 443],[503 443]
[504. 453.],[504. 453.],[505. 454.],[506. 455.],[506. 456.],[505. 457.],[505. 458.],[505. 459.],[505. 460.],[506. 461.],[506. 462.],[506. 463.],[506. 464.],[506. 465.],[506. 464.]
[505 482],[505 483],[505 482],[506 481],[506 480],[506 479],[506 478],[507 477],[507 476],[507 475],[507 474],[507 473],[506 472],[506 471],[506 470],[506 470],[506 469]
[506 465],[506 466],[506 466],[506 467],[506 468],[506 469],[506 468]
